DATE,TIME ,DATE & TIME,IMPORT,EXPORT,NORMALISED GHI,GHI,AIR TEMP,CLOUD OPACITY,RELATIVE HUMIDITY,WIND DIRECTION (10m),WIND SPEED (10m)
01-Jun-22,0:00:00,01/06/2022   00:00,0.3330,0.0000,0.0000,0,26.7,16.7,78.6,322,2.7
01-Jun-22,0:30:00,01/06/2022   00:30,0.2890,0.0000,0.0000,0,26.6,14.6,78.3,318,2.8
01-Jun-22,1:00:00,01/06/2022   01:00,0.6010,0.0000,0.0000,0,26.6,16.8,78,313,3
01-Jun-22,1:30:00,01/06/2022   01:30,0.4030,0.0000,0.0000,0,26.5,18.6,77.9,310,3.3
01-Jun-22,2:00:00,01/06/2022   02:00,0.5500,0.0000,0.0000,0,26.5,18.3,78.1,307,3.5
01-Jun-22,2:30:00,01/06/2022   02:30,0.4840,0.0000,0.0000,0,26.4,15.7,78.6,307,3.6
01-Jun-22,3:00:00,01/06/2022   03:00,0.2750,0.0000,0.0000,0,26.2,15.8,79.5,310,3.5
01-Jun-22,3:30:00,01/06/2022   03:30,0.2660,0.0000,0.0000,0,26,19.3,80.7,313,3.3
01-Jun-22,4:00:00,01/06/2022   04:00,0.2760,0.0000,0.0000,0,25.7,16.6,82.2,315,3.1
01-Jun-22,4:30:00,01/06/2022   04:30,0.2500,0.0000,0.0000,0,25.5,28.6,82.8,318,3
01-Jun-22,5:00:00,01/06/2022   05:00,0.3970,0.0000,0.0000,0,25.4,36.9,82.4,322,2.8
01-Jun-22,5:30:00,01/06/2022   05:30,0.3390,0.0000,0.0000,0,25.4,44,82.6,323,2.7
01-Jun-22,6:00:00,01/06/2022   06:00,0.3000,0.0000,0.0000,0,25.3,52.3,83.1,321,2.8
01-Jun-22,6:30:00,01/06/2022   06:30,0.2090,0.0000,0.0000,0,25.3,57.6,83.9,322,2.7
01-Jun-22,7:00:00,01/06/2022   07:00,0.2720,0.0000,0.0000,0,25.2,69.2,84.8,326,2.5
01-Jun-22,7:30:00,01/06/2022   07:30,0.2540,0.0000,0.0196,12,25.3,54.2,85,327,2.4
01-Jun-22,8:00:00,01/06/2022   08:00,0.1840,0.0000,0.1616,99,25.8,4.4,84.6,324,2.3
01-Jun-22,8:30:00,01/06/2022   08:30,0.1290,0.0000,0.2921,179,26.3,12.3,83,323,2.3
01-Jun-22,9:00:00,01/06/2022   09:00,0.0150,0.0980,0.3721,228,27.1,29.6,80.5,322,2.4
01-Jun-22,9:30:00,01/06/2022   09:30,0.0000,0.4360,0.6431,394,27.8,8.8,77.4,319,2.4
01-Jun-22,10:00:00,01/06/2022   10:00,0.0000,0.7540,0.8405,515,28.5,4.2,73.9,315,2.5
01-Jun-22,10:30:00,01/06/2022   10:30,0.0000,0.9030,1.0184,624,29.2,1.3,70.4,310,2.6
01-Jun-22,11:00:00,01/06/2022   11:00,0.0000,1.0180,1.1164,684,29.9,4.5,66.8,303,2.7
01-Jun-22,11:30:00,01/06/2022   11:30,0.0410,1.0450,1.1784,722,30.4,8.3,64.4,294,2.8
01-Jun-22,12:00:00,01/06/2022   12:00,0.0000,1.2310,1.2910,791,30.7,6.1,63,282,3
01-Jun-22,12:30:00,01/06/2022   12:30,0.0000,0.9140,1.0397,637,30.9,27.8,62.2,271,3.2
01-Jun-22,13:00:00,01/06/2022   13:00,0.0000,0.7070,1.0788,661,30.9,26.9,62,263,3.5
01-Jun-22,13:30:00,01/06/2022   13:30,0.0000,1.0830,1.1621,712,30.9,21.7,62.2,258,3.8
01-Jun-22,14:00:00,01/06/2022   14:00,0.0000,1.2910,1.2502,766,30.9,14.6,62.7,255,4
01-Jun-22,14:30:00,01/06/2022   14:30,0.0000,0.9380,1.0870,666,30.8,23.2,63.3,254,4.2
01-Jun-22,15:00:00,01/06/2022   15:00,0.2680,0.0730,0.7622,467,30.6,43.3,64,252,4.2
01-Jun-22,15:30:00,01/06/2022   15:30,1.0080,0.0000,0.1926,118,30.5,84.7,64.7,251,4.1
01-Jun-22,16:00:00,01/06/2022   16:00,0.9900,0.0000,0.0392,24,30.3,96.4,65.2,250,4
01-Jun-22,16:30:00,01/06/2022   16:30,0.5990,0.0060,0.1926,118,30.2,79.6,65.7,250,3.8
01-Jun-22,17:00:00,01/06/2022   17:00,0.1110,0.0000,0.3346,205,30,58,66.3,250,3.6
01-Jun-22,17:30:00,01/06/2022   17:30,0.0730,0.0030,0.2791,171,29.8,55.1,67.6,252,3.3
01-Jun-22,18:00:00,01/06/2022   18:00,0.0120,0.0460,0.1942,119,29.5,56.1,69.9,255,2.8
01-Jun-22,18:30:00,01/06/2022   18:30,0.0520,0.0220,0.1061,65,29,59.3,72.4,262,2.4
01-Jun-22,19:00:00,01/06/2022   19:00,0.2870,0.0000,0.0294,18,28.3,69.9,75.3,274,2
01-Jun-22,19:30:00,01/06/2022   19:30,1.4440,0.0000,0.0016,1,27.8,71.6,76.4,280,1.8
01-Jun-22,20:00:00,01/06/2022   20:00,1.3950,0.0000,0.0000,0,27.6,84.4,75.7,277,1.9
01-Jun-22,20:30:00,01/06/2022   20:30,1.3700,0.0000,0.0000,0,27.5,72.9,75.5,276,1.9
01-Jun-22,21:00:00,01/06/2022   21:00,1.3820,0.0000,0.0000,0,27.4,74.9,75.8,278,1.8
01-Jun-22,21:30:00,01/06/2022   21:30,1.3790,0.0000,0.0000,0,27.3,59.7,76.1,283,1.6
01-Jun-22,22:00:00,01/06/2022   22:00,1.0700,0.0000,0.0000,0,27.1,44,76.4,293,1.4
01-Jun-22,22:30:00,01/06/2022   22:30,0.7530,0.0000,0.0000,0,27,43.9,76.8,307,1.2
01-Jun-22,23:00:00,01/06/2022   23:00,0.6960,0.0000,0.0000,0,26.9,42.2,77.3,324,1.2
01-Jun-22,23:30:00,01/06/2022   23:30,0.4380,0.0000,0.0000,0,26.8,42.4,78,342,1.3
02-Jun-22,0:00:00,02/06/2022   00:00,0.3530,0.0000,0.0000,0,26.6,38.3,78.9,358,1.6
02-Jun-22,0:30:00,02/06/2022   00:30,0.3280,0.0000,0.0000,0,26.4,34.5,79.6,2,1.7
02-Jun-22,1:00:00,02/06/2022   01:00,0.5430,0.0000,0.0000,0,26.2,41.4,80,359,1.6
02-Jun-22,1:30:00,02/06/2022   01:30,0.4840,0.0000,0.0000,0,26.1,43.3,80.3,356,1.4
02-Jun-22,2:00:00,02/06/2022   02:00,0.2410,0.0000,0.0000,0,25.9,43.9,80.7,351,1.1
02-Jun-22,2:30:00,02/06/2022   02:30,0.3000,0.0000,0.0000,0,25.8,34.5,80.7,336,0.9
02-Jun-22,3:00:00,02/06/2022   03:00,0.2950,0.0000,0.0000,0,25.8,32.1,80.3,310,0.9
02-Jun-22,3:30:00,02/06/2022   03:30,0.2540,0.0000,0.0000,0,25.8,38.1,79.7,292,1
02-Jun-22,4:00:00,02/06/2022   04:00,0.6590,0.0000,0.0000,0,25.9,25.9,78.9,279,1
02-Jun-22,4:30:00,02/06/2022   04:30,0.3100,0.0000,0.0000,0,25.9,34,78.4,276,0.9
02-Jun-22,5:00:00,02/06/2022   05:00,0.2920,0.0000,0.0000,0,25.9,35.8,78.3,284,0.7
02-Jun-22,5:30:00,02/06/2022   05:30,0.5720,0.0000,0.0000,0,25.8,36.7,78.2,296,0.6
02-Jun-22,6:00:00,02/06/2022   06:00,0.5210,0.0000,0.0000,0,25.8,52.5,78.3,311,0.5
02-Jun-22,6:30:00,02/06/2022   06:30,0.2710,0.0000,0.0000,0,25.5,54.2,79.7,333,0.4
02-Jun-22,7:00:00,02/06/2022   07:00,0.2690,0.0000,0.0000,0,25.2,38.2,82.3,3,0.3
02-Jun-22,7:30:00,02/06/2022   07:30,0.2650,0.0000,0.0245,15,25.1,39,83.8,1,0.5
02-Jun-22,8:00:00,02/06/2022   08:00,0.1810,0.0000,0.1436,88,25.3,14.8,84,347,0.8
02-Jun-22,8:30:00,02/06/2022   08:30,0.0220,0.0610,0.2089,128,25.8,39.3,83.1,332,1
02-Jun-22,9:00:00,02/06/2022   09:00,0.0000,0.2060,0.3884,238,26.4,27.2,81.2,309,1.1
02-Jun-22,9:30:00,02/06/2022   09:30,0.0000,0.6040,0.6561,402,27.2,8,78.5,283,1.3
02-Jun-22,10:00:00,02/06/2022   10:00,0.0090,0.4550,0.7671,470,28,12.7,75,263,1.8
02-Jun-22,10:30:00,02/06/2022   10:30,0.0010,0.6870,0.9058,555,28.6,13,71.1,252,2.5
02-Jun-22,11:00:00,02/06/2022   11:00,0.0000,0.7820,1.0168,623,29.2,13.7,67,246,3.3
02-Jun-22,11:30:00,02/06/2022   11:30,0.0000,0.8780,1.0641,652,29.4,17.9,64.9,244,3.9
02-Jun-22,12:00:00,02/06/2022   12:00,0.0180,1.0100,1.1947,732,29.5,13.8,64.6,245,4.1
02-Jun-22,12:30:00,02/06/2022   12:30,0.0000,0.8960,1.3367,819,29.6,7.8,64.4,247,4.1
02-Jun-22,13:00:00,02/06/2022   13:00,0.0000,1.1370,1.3514,828,29.7,9.1,64.5,250,4
02-Jun-22,13:30:00,02/06/2022   13:30,0.0020,1.0130,1.4346,879,29.8,4,64.3,254,3.9
02-Jun-22,14:00:00,02/06/2022   14:00,0.1800,0.2130,1.3465,825,30.1,8.5,63.9,258,3.8
02-Jun-22,14:30:00,02/06/2022   14:30,0.0900,0.1490,1.2796,784,30.2,10,63.7,261,3.7
02-Jun-22,15:00:00,02/06/2022   15:00,0.0840,0.8790,1.1980,734,30.3,10.8,63.7,261,3.5
02-Jun-22,15:30:00,02/06/2022   15:30,0.0450,0.3880,1.1980,734,30.3,3.5,63.8,261,3.4
02-Jun-22,16:00:00,02/06/2022   16:00,0.0640,0.2220,1.0592,649,30.2,5.3,64.1,262,3.3
02-Jun-22,16:30:00,02/06/2022   16:30,0.0000,0.6600,0.9156,561,30.1,5.4,65.1,264,3.2
02-Jun-22,17:00:00,02/06/2022   17:00,0.4550,0.1550,0.6741,413,29.7,16.8,66.9,267,3
02-Jun-22,17:30:00,02/06/2022   17:30,0.6840,0.0180,0.3933,241,29.5,38.5,68.8,272,2.7
02-Jun-22,18:00:00,02/06/2022   18:00,0.0610,0.0080,0.1306,80,29.3,72,70.8,281,2.3
02-Jun-22,18:30:00,02/06/2022   18:30,0.1810,0.0000,0.0555,34,28.9,78.5,73.2,291,2.1
02-Jun-22,19:00:00,02/06/2022   19:00,0.3870,0.0000,0.0277,17,28.3,67.4,75.8,301,2.1
02-Jun-22,19:30:00,02/06/2022   19:30,1.4020,0.0000,0.0033,2,27.8,59.9,75.8,297,1.6
02-Jun-22,20:00:00,02/06/2022   20:00,1.4450,0.0000,0.0000,0,27.5,84.7,73.1,257,1
02-Jun-22,20:30:00,02/06/2022   20:30,1.4570,0.0000,0.0000,0,27.3,89.4,72.1,232,1.1
02-Jun-22,21:00:00,02/06/2022   21:00,1.4480,0.0000,0.0000,0,27.1,84.3,72.7,239,1.2
02-Jun-22,21:30:00,02/06/2022   21:30,1.4390,0.0000,0.0000,0,27,90,73.4,243,1
02-Jun-22,22:00:00,02/06/2022   22:00,1.4780,0.0000,0.0000,0,26.8,91.7,74.3,250,0.6
02-Jun-22,22:30:00,02/06/2022   22:30,1.4680,0.0000,0.0000,0,26.7,92.1,75.4,262,0.1
02-Jun-22,23:00:00,02/06/2022   23:00,0.5850,0.0000,0.0000,0,26.5,88.1,76.5,75,0.5
02-Jun-22,23:30:00,02/06/2022   23:30,0.3320,0.0000,0.0000,0,26.1,82.3,78.8,66,0.8
03-Jun-22,0:00:00,03/06/2022   00:00,0.3120,0.0000,0.0000,0,25.6,83.8,82.4,50,0.9
03-Jun-22,0:30:00,03/06/2022   00:30,0.4030,0.0000,0.0000,0,25.1,75,85.3,40,1.1
03-Jun-22,1:00:00,03/06/2022   01:00,0.6940,0.0000,0.0000,0,24.8,66.7,87.3,32,1.3
03-Jun-22,1:30:00,03/06/2022   01:30,0.3050,0.0000,0.0000,0,24.5,59.2,89.4,33,1.6
03-Jun-22,2:00:00,03/06/2022   02:00,0.2780,0.0000,0.0000,0,24.1,63.8,91.4,37,1.9
03-Jun-22,2:30:00,03/06/2022   02:30,0.2860,0.0000,0.0000,0,24.1,71,91.9,35,1.8
03-Jun-22,3:00:00,03/06/2022   03:00,0.2840,0.0000,0.0000,0,24.3,79.7,90.9,22,1.5
03-Jun-22,3:30:00,03/06/2022   03:30,0.2780,0.0000,0.0000,0,24.4,84.5,90.2,22,1.1
03-Jun-22,4:00:00,03/06/2022   04:00,0.2720,0.0000,0.0000,0,24.4,78.2,89.8,49,0.8
03-Jun-22,4:30:00,03/06/2022   04:30,0.2580,0.0000,0.0000,0,24.5,78.1,88.8,113,0.7
03-Jun-22,5:00:00,03/06/2022   05:00,0.2520,0.0000,0.0000,0,24.8,86.8,87.4,159,1.5
03-Jun-22,5:30:00,03/06/2022   05:30,0.2750,0.0000,0.0000,0,24.9,82.9,86.8,166,2.2
03-Jun-22,6:00:00,03/06/2022   06:00,0.4230,0.0000,0.0000,0,24.9,82.2,87,167,2.4
03-Jun-22,6:30:00,03/06/2022   06:30,0.4910,0.0000,0.0000,0,24.9,73.1,87.1,168,2.4
03-Jun-22,7:00:00,03/06/2022   07:00,0.2340,0.0000,0.0000,0,24.8,59.2,87.1,170,2.3
03-Jun-22,7:30:00,03/06/2022   07:30,0.2360,0.0000,0.0180,11,24.8,45.6,87.4,179,1.9
03-Jun-22,8:00:00,03/06/2022   08:00,0.2680,0.0000,0.0310,19,24.8,81.7,88,200,1.5
03-Jun-22,8:30:00,03/06/2022   08:30,0.1100,0.0000,0.1142,70,25.1,67.7,87.3,223,1.4
03-Jun-22,9:00:00,03/06/2022   09:00,0.0130,0.0610,0.2497,153,25.6,53.7,85.5,241,1.5
03-Jun-22,9:30:00,03/06/2022   09:30,0.0000,0.4790,0.5908,362,26.1,17.8,82.7,251,1.7
03-Jun-22,10:00:00,03/06/2022   10:00,0.0000,0.7780,0.8454,518,26.9,4.3,79.1,255,1.9
03-Jun-22,10:30:00,03/06/2022   10:30,0.0000,0.9520,1.0397,637,27.5,0,75.7,253,2.2
03-Jun-22,11:00:00,03/06/2022   11:00,0.0000,0.9900,1.1768,721,28,0,72.6,246,2.4
03-Jun-22,11:30:00,03/06/2022   11:30,0.0300,1.0610,1.2910,791,28.4,0,71.1,239,2.5
03-Jun-22,12:00:00,03/06/2022   12:00,0.0000,1.1660,1.3808,846,28.5,0,71,232,2.7
03-Jun-22,12:30:00,03/06/2022   12:30,0.0000,1.1940,1.4444,885,28.6,0,70.8,228,2.7
03-Jun-22,13:00:00,03/06/2022   13:00,0.0000,1.3540,1.4803,907,28.7,0,70.6,225,2.5
03-Jun-22,13:30:00,03/06/2022   13:30,0.0000,1.2300,1.4885,912,28.7,0,70.5,224,2.3
03-Jun-22,14:00:00,03/06/2022   14:00,0.0000,0.2790,1.4673,899,28.8,0,70.5,223,2.3
03-Jun-22,14:30:00,03/06/2022   14:30,0.0350,0.4610,1.4183,869,28.9,0,70.3,220,2.2
03-Jun-22,15:00:00,03/06/2022   15:00,0.0000,1.0130,1.3400,821,29,0.2,70.1,215,2.2
03-Jun-22,15:30:00,03/06/2022   15:30,0.0000,0.8800,1.1784,722,29,5,69.9,210,1.9
03-Jun-22,16:00:00,03/06/2022   16:00,0.2330,0.0250,1.0886,667,29,2.3,69.8,204,1.6
03-Jun-22,16:30:00,03/06/2022   16:30,0.3950,0.0780,0.9613,589,29,0.8,69.5,190,1.1
03-Jun-22,17:00:00,03/06/2022   17:00,0.0000,0.2180,0.7997,490,29,0.8,69.1,156,0.8
03-Jun-22,17:30:00,03/06/2022   17:30,0.0000,0.1410,0.6300,386,29.1,0,69.7,128,0.9
03-Jun-22,18:00:00,03/06/2022   18:00,0.0470,0.0220,0.4472,274,29,0,71,118,1.2
03-Jun-22,18:30:00,03/06/2022   18:30,0.1130,0.0000,0.2383,146,28.6,11.2,73.1,120,1.4
03-Jun-22,19:00:00,03/06/2022   19:00,0.2610,0.0000,0.0881,54,27.9,17.8,76,129,1.5
03-Jun-22,19:30:00,03/06/2022   19:30,0.4140,0.0000,0.0033,2,27.4,72.8,77.5,133,1.6
03-Jun-22,20:00:00,03/06/2022   20:00,1.2480,0.0000,0.0000,0,27.1,44.4,77.5,133,1.6
03-Jun-22,20:30:00,03/06/2022   20:30,1.3790,0.0000,0.0000,0,26.9,63.7,77.9,126,1.6
03-Jun-22,21:00:00,03/06/2022   21:00,1.2370,0.0000,0.0000,0,26.7,61.9,78.7,113,1.6
03-Jun-22,21:30:00,03/06/2022   21:30,0.4650,0.0000,0.0000,0,26.5,63.1,79.8,101,1.6
03-Jun-22,22:00:00,03/06/2022   22:00,1.2700,0.0000,0.0000,0,26.2,66.4,81.4,86,1.5
03-Jun-22,22:30:00,03/06/2022   22:30,1.3640,0.0000,0.0000,0,25.9,66.8,82.8,73,1.5
03-Jun-22,23:00:00,03/06/2022   23:00,0.9630,0.0000,0.0000,0,25.6,80.1,84.2,63,1.5
03-Jun-22,23:30:00,03/06/2022   23:30,0.5520,0.0000,0.0000,0,25.3,86.3,85.5,56,1.5
04-Jun-22,0:00:00,04/06/2022   00:00,0.3570,0.0000,0.0000,0,25.1,59,87,53,1.4
04-Jun-22,0:30:00,04/06/2022   00:30,0.4430,0.0000,0.0000,0,24.9,26.6,87.9,51,1.4
04-Jun-22,1:00:00,04/06/2022   01:00,0.2920,0.0000,0.0000,0,24.7,22.2,88.4,51,1.3
04-Jun-22,1:30:00,04/06/2022   01:30,0.3860,0.0000,0.0000,0,24.7,39.4,88.5,49,1
04-Jun-22,2:00:00,04/06/2022   02:00,0.5940,0.0000,0.0000,0,24.8,56.7,88.2,37,0.4
04-Jun-22,2:30:00,04/06/2022   02:30,0.5240,0.0000,0.0000,0,24.8,47.6,87.9,326,0.4
04-Jun-22,3:00:00,04/06/2022   03:00,0.2930,0.0000,0.0000,0,24.8,46.4,87.5,319,1
04-Jun-22,3:30:00,04/06/2022   03:30,0.2810,0.0000,0.0000,0,24.8,52.3,87,310,1.7
04-Jun-22,4:00:00,04/06/2022   04:00,0.5040,0.0000,0.0000,0,24.9,55.3,86.3,301,2.3
04-Jun-22,4:30:00,04/06/2022   04:30,0.6080,0.0000,0.0000,0,24.9,57.3,86.2,298,2.8
04-Jun-22,5:00:00,04/06/2022   05:00,0.3130,0.0000,0.0000,0,24.8,54.5,86.6,298,2.9
04-Jun-22,5:30:00,04/06/2022   05:30,0.3230,0.0000,0.0000,0,24.8,60.4,87,297,2.8
04-Jun-22,6:00:00,04/06/2022   06:00,0.3030,0.0000,0.0000,0,24.7,51.4,87.5,295,2.6
04-Jun-22,6:30:00,04/06/2022   06:30,0.2600,0.0000,0.0000,0,24.7,48,87.8,297,2.4
04-Jun-22,7:00:00,04/06/2022   07:00,0.2710,0.0000,0.0000,0,24.7,48.3,88,303,2.1
04-Jun-22,7:30:00,04/06/2022   07:30,0.2840,0.0000,0.0277,17,24.8,24.2,87.4,311,1.5
04-Jun-22,8:00:00,04/06/2022   08:00,0.1400,0.0000,0.1142,70,25.2,30,86,337,0.8
04-Jun-22,8:30:00,04/06/2022   08:30,0.0340,0.0910,0.2824,173,25.6,19.2,84.7,32,0.6
04-Jun-22,9:00:00,04/06/2022   09:00,0.0000,0.4110,0.4945,303,26,5.5,83.4,68,0.7
04-Jun-22,9:30:00,04/06/2022   09:30,0.0000,0.5020,0.6757,414,26.6,4.3,81.4,99,0.7
04-Jun-22,10:00:00,04/06/2022   10:00,0.0150,0.4650,0.7899,484,27.2,9.5,78.7,137,0.9
04-Jun-22,10:30:00,04/06/2022   10:30,0.0000,0.7490,0.8161,500,27.9,20.7,75.3,173,1.1
04-Jun-22,11:00:00,04/06/2022   11:00,0.0020,0.5850,1.0380,636,28.6,11.3,71.3,204,1.5
04-Jun-22,11:30:00,04/06/2022   11:30,0.0000,1.2440,1.2143,744,29.1,5.3,68.6,217,2
04-Jun-22,12:00:00,04/06/2022   12:00,0.0000,1.1440,1.1980,734,29.4,12.9,67,223,2.4
04-Jun-22,12:30:00,04/06/2022   12:30,0.0220,1.0430,1.3710,840,29.6,4.7,66.1,223,2.7
04-Jun-22,13:00:00,04/06/2022   13:00,0.0000,0.3070,1.3547,830,29.7,8.2,65.8,220,2.9
04-Jun-22,13:30:00,04/06/2022   13:30,0.0020,0.3010,1.4118,865,29.7,4.8,65.8,217,3
04-Jun-22,14:00:00,04/06/2022   14:00,0.0210,0.2280,1.4281,875,29.6,2.4,66.2,215,2.9
04-Jun-22,14:30:00,04/06/2022   14:30,0.0270,0.1880,1.2143,744,29.6,14.2,66.4,215,2.7
04-Jun-22,15:00:00,04/06/2022   15:00,0.0740,0.0720,1.1343,695,29.5,15.2,66.2,216,2.5
04-Jun-22,15:30:00,04/06/2022   15:30,0.0700,0.1450,1.0527,645,29.5,15.1,66.2,215,2.2
04-Jun-22,16:00:00,04/06/2022   16:00,0.0640,0.5580,0.7997,490,29.5,28.3,66.2,211,1.8
04-Jun-22,16:30:00,04/06/2022   16:30,0.0000,0.7140,0.6316,387,29.4,35,66.4,204,1.6
04-Jun-22,17:00:00,04/06/2022   17:00,0.4550,0.2020,0.5484,336,29.3,31.7,66.6,194,1.5
04-Jun-22,17:30:00,04/06/2022   17:30,0.8540,0.0000,0.5402,331,29.2,15.1,67.5,182,1.2
04-Jun-22,18:00:00,04/06/2022   18:00,0.6730,0.0020,0.2138,131,29,52.8,69.1,160,0.9
04-Jun-22,18:30:00,04/06/2022   18:30,0.2170,0.0000,0.1485,91,28.6,43.2,71,135,0.8
04-Jun-22,19:00:00,04/06/2022   19:00,0.2940,0.0000,0.0457,28,27.9,54.7,73.3,116,0.8
04-Jun-22,19:30:00,04/06/2022   19:30,0.6330,0.0000,0.0049,3,27.3,68.9,75.1,109,1
04-Jun-22,20:00:00,04/06/2022   20:00,1.3630,0.0000,0.0000,0,26.9,56,76.4,111,1.4
04-Jun-22,20:30:00,04/06/2022   20:30,1.4200,0.0000,0.0000,0,26.6,49.2,77.1,110,1.7
04-Jun-22,21:00:00,04/06/2022   21:00,1.3780,0.0000,0.0000,0,26.5,58.1,77.4,106,1.9
04-Jun-22,21:30:00,04/06/2022   21:30,1.2910,0.0000,0.0000,0,26.4,56.7,77.9,101,2.1
04-Jun-22,22:00:00,04/06/2022   22:00,1.3230,0.0000,0.0000,0,26.2,38.8,78.6,95,2.1
04-Jun-22,22:30:00,04/06/2022   22:30,1.3580,0.0000,0.0000,0,26.1,63.5,79.5,90,2.2
04-Jun-22,23:00:00,04/06/2022   23:00,1.3570,0.0000,0.0000,0,26,45.2,80.6,85,2.3
04-Jun-22,23:30:00,04/06/2022   23:30,1.1750,0.0000,0.0000,0,25.9,21.1,81.7,80,2.3
05-Jun-22,0:00:00,05/06/2022   00:00,0.6430,0.0000,0.0000,0,25.7,45.7,82.9,75,2.4
05-Jun-22,0:30:00,05/06/2022   00:30,0.7030,0.0000,0.0000,0,25.5,56,84.1,74,2.5
05-Jun-22,1:00:00,05/06/2022   01:00,0.4360,0.0000,0.0000,0,25.3,53.5,85.2,75,2.6
05-Jun-22,1:30:00,05/06/2022   01:30,0.2870,0.0000,0.0000,0,25.2,72.7,86,74,2.6
05-Jun-22,2:00:00,05/06/2022   02:00,0.2510,0.0000,0.0000,0,25,55.2,86.5,71,2.6
05-Jun-22,2:30:00,05/06/2022   02:30,0.2690,0.0000,0.0000,0,24.9,48,87,67,2.5
05-Jun-22,3:00:00,05/06/2022   03:00,0.2770,0.0000,0.0000,0,24.8,44.7,87.4,64,2.4
05-Jun-22,3:30:00,05/06/2022   03:30,0.2510,0.0000,0.0000,0,24.7,24.6,87.7,64,2.3
05-Jun-22,4:00:00,05/06/2022   04:00,0.5150,0.0000,0.0000,0,24.6,59.5,87.8,68,2.2
05-Jun-22,4:30:00,05/06/2022   04:30,0.2940,0.0000,0.0000,0,24.6,83.4,87.9,70,2.1
05-Jun-22,5:00:00,05/06/2022   05:00,0.2650,0.0000,0.0000,0,24.5,76.3,88.1,72,2.1
05-Jun-22,5:30:00,05/06/2022   05:30,0.2400,0.0000,0.0000,0,24.5,41.2,88.4,71,2
05-Jun-22,6:00:00,05/06/2022   06:00,0.2350,0.0000,0.0000,0,24.5,45.4,88.9,68,2
05-Jun-22,6:30:00,05/06/2022   06:30,0.2420,0.0000,0.0000,0,24.5,47.6,89.2,64,2
05-Jun-22,7:00:00,05/06/2022   07:00,0.2260,0.0000,0.0000,0,24.4,28.5,89.4,57,1.9
05-Jun-22,7:30:00,05/06/2022   07:30,0.2060,0.0000,0.0326,20,24.6,9.3,89.2,49,1.7
05-Jun-22,8:00:00,05/06/2022   08:00,0.0810,0.0040,0.1665,102,24.9,0,88.6,39,1.6
05-Jun-22,8:30:00,05/06/2022   08:30,0.0180,0.0630,0.3378,207,25.4,0.2,87,34,1.4
05-Jun-22,9:00:00,05/06/2022   09:00,0.0000,0.3300,0.5190,318,26.1,0.5,84.6,34,1.2
05-Jun-22,9:30:00,05/06/2022   09:30,0.0000,0.5000,0.7018,430,26.7,0,81.8,26,0.7
05-Jun-22,10:00:00,05/06/2022   10:00,0.0010,0.6190,0.8699,533,27.4,0.2,78.6,323,0.3
05-Jun-22,10:30:00,05/06/2022   10:30,0.0000,0.5760,0.8405,515,27.8,17.7,76.5,270,0.7
05-Jun-22,11:00:00,05/06/2022   11:00,0.0270,0.4420,0.8601,527,28.1,26.2,75.4,263,1.2
05-Jun-22,11:30:00,05/06/2022   11:30,0.0000,0.8890,0.8928,547,28.3,30,74.3,260,1.5
05-Jun-22,12:00:00,05/06/2022   12:00,0.0530,0.0050,0.3558,218,28.6,73.8,73.3,260,1.7
05-Jun-22,12:30:00,05/06/2022   12:30,0.0050,0.2070,0.6251,383,28.9,56.4,71.6,259,1.8
05-Jun-22,13:00:00,05/06/2022   13:00,0.0700,0.0650,0.6724,412,29.2,54.1,69.4,258,1.9
05-Jun-22,13:30:00,05/06/2022   13:30,0.0140,0.0440,0.3705,227,29.4,74.9,67.9,257,2.1
05-Jun-22,14:00:00,05/06/2022   14:00,0.0000,0.1390,0.5663,347,29.5,61.1,66.9,256,2.6
05-Jun-22,14:30:00,05/06/2022   14:30,0.0000,0.2660,0.6561,402,29.5,53.4,66.3,253,2.7
05-Jun-22,15:00:00,05/06/2022   15:00,0.0000,0.3590,0.6382,391,29.5,52.1,66.2,249,2.5
05-Jun-22,15:30:00,05/06/2022   15:30,0.4560,0.0530,0.7296,447,29.4,40.7,66.4,243,2.3
05-Jun-22,16:00:00,05/06/2022   16:00,0.4320,0.0000,0.9319,571,29.3,15.6,66.9,236,2.1
05-Jun-22,16:30:00,05/06/2022   16:30,0.0450,0.4000,0.8993,551,29.1,6.6,67.7,225,1.9
05-Jun-22,17:00:00,05/06/2022   17:00,0.0000,0.4700,0.3966,243,28.8,51.8,68.9,213,1.8
05-Jun-22,17:30:00,05/06/2022   17:30,0.0100,0.0980,0.0669,41,28.6,89.4,70.6,200,1.7
05-Jun-22,18:00:00,05/06/2022   18:00,0.4690,0.0000,0.0310,19,28.3,93,72.8,185,1.5
05-Jun-22,18:30:00,05/06/2022   18:30,0.1380,0.0000,0.0261,16,27.9,89.2,74.9,170,1.6
05-Jun-22,19:00:00,05/06/2022   19:00,0.1710,0.0000,0.0196,12,27.3,74.4,77,160,1.8
05-Jun-22,19:30:00,05/06/2022   19:30,0.2780,0.0000,0.0049,3,26.9,52.4,78.2,151,1.8
05-Jun-22,20:00:00,05/06/2022   20:00,0.6710,0.0000,0.0000,0,26.5,85.7,78.6,142,1.7
05-Jun-22,20:30:00,05/06/2022   20:30,1.3270,0.0000,0.0000,0,26.3,78.3,78.6,135,1.6
05-Jun-22,21:00:00,05/06/2022   21:00,1.4460,0.0000,0.0000,0,26.3,68.6,78.2,128,1.5
05-Jun-22,21:30:00,05/06/2022   21:30,1.3710,0.0000,0.0000,0,26.2,78.4,78.2,117,1.4
05-Jun-22,22:00:00,05/06/2022   22:00,1.3070,0.0000,0.0000,0,26.1,79.3,78.3,104,1.4
05-Jun-22,22:30:00,05/06/2022   22:30,1.2830,0.0000,0.0000,0,26,64.7,78.5,94,1.4
05-Jun-22,23:00:00,05/06/2022   23:00,1.3030,0.0000,0.0000,0,25.9,52.9,78.7,89,1.5
05-Jun-22,23:30:00,05/06/2022   23:30,0.6100,0.0000,0.0000,0,25.8,19.4,78.9,84,1.6
06-Jun-22,0:00:00,06/06/2022   00:00,0.5800,0.0000,0.0000,0,25.7,31.9,79.2,79,1.6
06-Jun-22,0:30:00,06/06/2022   00:30,0.5780,0.0000,0.0000,0,25.6,19.6,79.4,76,1.7
06-Jun-22,1:00:00,06/06/2022   01:00,0.3180,0.0000,0.0000,0,25.5,22.1,79.6,76,1.7
06-Jun-22,1:30:00,06/06/2022   01:30,0.2920,0.0000,0.0000,0,25.4,20,79.7,75,1.7
06-Jun-22,2:00:00,06/06/2022   02:00,0.2680,0.0000,0.0000,0,25.2,21.1,79.6,74,1.6
06-Jun-22,2:30:00,06/06/2022   02:30,0.2860,0.0000,0.0000,0,25.1,24.9,79.7,74,1.6
06-Jun-22,3:00:00,06/06/2022   03:00,0.2750,0.0000,0.0000,0,25,24.2,79.9,74,1.5
06-Jun-22,3:30:00,06/06/2022   03:30,0.2900,0.0000,0.0000,0,24.9,20.6,80.1,72,1.5
06-Jun-22,4:00:00,06/06/2022   04:00,0.3420,0.0000,0.0000,0,24.9,18.5,80.1,69,1.5
06-Jun-22,4:30:00,06/06/2022   04:30,0.2850,0.0000,0.0000,0,24.8,18.9,80.3,67,1.5
06-Jun-22,5:00:00,06/06/2022   05:00,0.2850,0.0000,0.0000,0,24.6,18.5,80.7,67,1.6
06-Jun-22,5:30:00,06/06/2022   05:30,0.2120,0.0000,0.0000,0,24.5,17.9,81.2,67,1.6
06-Jun-22,6:00:00,06/06/2022   06:00,0.3070,0.0000,0.0000,0,24.4,16.5,81.7,69,1.7
06-Jun-22,6:30:00,06/06/2022   06:30,0.2720,0.0000,0.0000,0,24.3,25.5,82.1,66,1.7
06-Jun-22,7:00:00,06/06/2022   07:00,0.2260,0.0000,0.0000,0,24.2,27.3,82.3,59,1.7
06-Jun-22,7:30:00,06/06/2022   07:30,0.2230,0.0000,0.0326,20,24.4,7.3,82.6,62,1.6
06-Jun-22,8:00:00,06/06/2022   08:00,0.1180,0.0010,0.1697,104,24.9,0,83.1,75,1.5
06-Jun-22,8:30:00,06/06/2022   08:30,0.0180,0.0460,0.3427,210,25.6,0,82,91,1.5
06-Jun-22,9:00:00,06/06/2022   09:00,0.0000,0.2900,0.5255,322,26.5,0,79.4,111,1.5
06-Jun-22,9:30:00,06/06/2022   09:30,0.0000,0.4510,0.7051,432,27.3,0,77,126,1.6
06-Jun-22,10:00:00,06/06/2022   10:00,0.0000,0.5800,0.8422,516,28,3.5,74.8,138,1.8
06-Jun-22,10:30:00,06/06/2022   10:30,0.0010,0.6510,0.8944,548,28.6,13.3,72.5,149,2
06-Jun-22,11:00:00,06/06/2022   11:00,0.0000,0.9090,1.0543,646,29.2,9.4,70.3,156,2.4
06-Jun-22,11:30:00,06/06/2022   11:30,0.2760,0.2870,1.1572,709,29.5,9.6,68.7,162,2.6
06-Jun-22,12:00:00,06/06/2022   12:00,0.0340,1.0120,1.1751,720,29.7,14.3,67.7,168,2.7
06-Jun-22,12:30:00,06/06/2022   12:30,0.0320,0.6470,1.2094,741,29.9,15.8,67,169,2.8
06-Jun-22,13:00:00,06/06/2022   13:00,0.1710,0.4200,1.3269,813,30.1,9.8,66.4,168,2.9
06-Jun-22,13:30:00,06/06/2022   13:30,0.1410,0.2330,1.3155,806,30.1,11.2,65.7,167,3.1
06-Jun-22,14:00:00,06/06/2022   14:00,0.0020,0.7570,1.3857,849,30.2,5.1,64.9,165,3.2
06-Jun-22,14:30:00,06/06/2022   14:30,0.0000,1.2650,1.3432,823,30.2,5,64.5,165,3.3
06-Jun-22,15:00:00,06/06/2022   15:00,0.0000,1.1910,1.3122,804,30.1,1.9,64.4,164,3.2
06-Jun-22,15:30:00,06/06/2022   15:30,0.0000,0.8570,1.2225,749,30.1,1.4,64.4,163,3.2
06-Jun-22,16:00:00,06/06/2022   16:00,0.1180,0.4730,1.0592,649,30,5.2,64.4,161,3.1
06-Jun-22,16:30:00,06/06/2022   16:30,0.4170,0.0000,0.8487,520,29.9,12.7,64.7,157,3.1
06-Jun-22,17:00:00,06/06/2022   17:00,0.6600,0.0000,0.6496,398,29.8,20.1,65.4,153,3
06-Jun-22,17:30:00,06/06/2022   17:30,0.8670,0.0000,0.4407,270,29.6,31.5,66.8,148,3
06-Jun-22,18:00:00,06/06/2022   18:00,0.9570,0.0000,0.1159,71,29.4,75.7,69,145,2.9
06-Jun-22,18:30:00,06/06/2022   18:30,1.1570,0.0000,0.0261,16,28.9,90.6,71.5,141,2.9
06-Jun-22,19:00:00,06/06/2022   19:00,1.2180,0.0000,0.0098,6,28.1,87.5,74.3,138,3
06-Jun-22,19:30:00,06/06/2022   19:30,0.5190,0.0000,0.0033,2,27.5,68.8,76,133,3
06-Jun-22,20:00:00,06/06/2022   20:00,1.3910,0.0000,0.0000,0,27.2,84.5,76.6,124,3.1
06-Jun-22,20:30:00,06/06/2022   20:30,1.3340,0.0000,0.0000,0,26.9,75.1,77,120,3.1
06-Jun-22,21:00:00,06/06/2022   21:00,0.6690,0.0000,0.0000,0,26.9,70.4,77.3,120,3.1
06-Jun-22,21:30:00,06/06/2022   21:30,0.6760,0.0000,0.0000,0,26.7,70.5,78,117,3
06-Jun-22,22:00:00,06/06/2022   22:00,0.7040,0.0000,0.0000,0,26.6,85.8,79.1,109,2.8
06-Jun-22,22:30:00,06/06/2022   22:30,0.3870,0.0000,0.0000,0,26.3,65.8,80.3,104,2.8
06-Jun-22,23:00:00,06/06/2022   23:00,0.5310,0.0000,0.0000,0,26.1,27.1,81.6,101,2.7
06-Jun-22,23:30:00,06/06/2022   23:30,0.3380,0.0000,0.0000,0,25.9,18.9,82.9,101,2.6
07-Jun-22,0:00:00,07/06/2022   00:00,0.5280,0.0000,0.0000,0,25.7,16.9,84.4,102,2.6
07-Jun-22,0:30:00,07/06/2022   00:30,0.3690,0.0000,0.0000,0,25.6,16.9,84.9,104,2.4
07-Jun-22,1:00:00,07/06/2022   01:00,0.2880,0.0000,0.0000,0,25.6,18,84.7,105,2.2
07-Jun-22,1:30:00,07/06/2022   01:30,0.2680,0.0000,0.0000,0,25.5,17.9,84.7,103,2.1
07-Jun-22,2:00:00,07/06/2022   02:00,0.2900,0.0000,0.0000,0,25.3,17.4,84.8,97,2
07-Jun-22,2:30:00,07/06/2022   02:30,0.2210,0.0000,0.0000,0,25.2,16.9,84.9,95,2
07-Jun-22,3:00:00,07/06/2022   03:00,0.2760,0.0000,0.0000,0,25.2,16.9,84.9,95,2
07-Jun-22,3:30:00,07/06/2022   03:30,0.2830,0.0000,0.0000,0,25.1,16.2,85.1,93,2
07-Jun-22,4:00:00,07/06/2022   04:00,0.5300,0.0000,0.0000,0,25,15.9,85.5,89,2
07-Jun-22,4:30:00,07/06/2022   04:30,0.5160,0.0000,0.0000,0,24.9,16.3,85.7,84,1.8
07-Jun-22,5:00:00,07/06/2022   05:00,0.2770,0.0000,0.0000,0,24.9,16.8,85.7,77,1.5
07-Jun-22,5:30:00,07/06/2022   05:30,0.2820,0.0000,0.0000,0,24.8,17,86.1,70,1.5
07-Jun-22,6:00:00,07/06/2022   06:00,0.3110,0.0000,0.0000,0,24.6,15.6,86.9,65,1.5
07-Jun-22,6:30:00,07/06/2022   06:30,0.2700,0.0000,0.0000,0,24.5,15.4,87.3,68,1.5
07-Jun-22,7:00:00,07/06/2022   07:00,0.2900,0.0000,0.0000,0,24.4,14.8,87.5,79,1.3
07-Jun-22,7:30:00,07/06/2022   07:30,0.2500,0.0000,0.0326,20,24.7,5.4,86.4,89,1.2
07-Jun-22,8:00:00,07/06/2022   08:00,0.1510,0.0000,0.1665,102,25.4,0,84.2,98,1
07-Jun-22,8:30:00,07/06/2022   08:30,0.0060,0.1110,0.3378,207,26,0.2,81.8,111,1
07-Jun-22,9:00:00,07/06/2022   09:00,0.0000,0.2770,0.5157,316,26.7,1.1,79.1,123,1.2
07-Jun-22,9:30:00,07/06/2022   09:30,0.0000,0.5050,0.6528,400,27.4,6.2,76.3,140,1.3
07-Jun-22,10:00:00,07/06/2022   10:00,0.0000,0.4990,0.5990,367,28.1,30.6,73.4,162,1.5
07-Jun-22,10:30:00,07/06/2022   10:30,0.0210,0.1220,0.5957,365,28.6,41.7,71,178,1.8
07-Jun-22,11:00:00,07/06/2022   11:00,0.0790,0.0530,0.2497,153,29,78.6,69,190,2.2
07-Jun-22,11:30:00,07/06/2022   11:30,0.2020,0.0000,0.0718,44,29.4,94.4,67.6,198,2.5
07-Jun-22,12:00:00,07/06/2022   12:00,0.2010,0.0010,0.0751,46,29.6,94.5,66.7,204,2.5
07-Jun-22,12:30:00,07/06/2022   12:30,0.0000,0.5700,0.6169,378,29.8,57.2,66.3,209,2.6
07-Jun-22,13:00:00,07/06/2022   13:00,0.0000,1.5710,1.2828,786,29.8,12.5,66.4,211,2.8
07-Jun-22,13:30:00,07/06/2022   13:30,0.0000,1.1400,1.4167,868,29.7,4,67.1,213,2.8
07-Jun-22,14:00:00,07/06/2022   14:00,0.0000,1.5500,1.4526,890,29.5,0.2,68.4,216,2.7
07-Jun-22,14:30:00,07/06/2022   14:30,0.0000,1.2980,1.4085,863,29.3,0,68.7,218,2.5
07-Jun-22,15:00:00,07/06/2022   15:00,0.0000,0.5320,1.3106,803,29.3,1.8,67.9,218,2.2
07-Jun-22,15:30:00,07/06/2022   15:30,0.2230,0.0610,1.0723,657,29.3,13.2,66.9,220,1.9
07-Jun-22,16:00:00,07/06/2022   16:00,0.2020,0.0790,0.8422,516,29.3,24.2,65.7,221,1.5
07-Jun-22,16:30:00,07/06/2022   16:30,0.0200,0.3170,0.7769,476,29.2,19.3,64.8,222,1.2
07-Jun-22,17:00:00,07/06/2022   17:00,0.0000,0.2990,0.7116,436,29.1,11.8,64.4,220,0.9
07-Jun-22,17:30:00,07/06/2022   17:30,0.0000,0.1500,0.5402,331,29.1,14.6,64.7,230,0.5
07-Jun-22,18:00:00,07/06/2022   18:00,0.0060,0.0510,0.3542,217,29,21.4,65.6,297,0.3
07-Jun-22,18:30:00,07/06/2022   18:30,0.2620,0.0030,0.1828,112,28.7,33.6,67.4,325,0.4
07-Jun-22,19:00:00,07/06/2022   19:00,0.3460,0.0000,0.0653,40,28,34,70.1,313,0.4
07-Jun-22,19:30:00,07/06/2022   19:30,0.9760,0.0000,0.0065,4,27.5,21.2,72,312,0.5
07-Jun-22,20:00:00,07/06/2022   20:00,1.4450,0.0000,0.0000,0,27.1,22.2,73.1,318,0.6
07-Jun-22,20:30:00,07/06/2022   20:30,1.5280,0.0000,0.0000,0,26.9,24.1,74,325,0.7
07-Jun-22,21:00:00,07/06/2022   21:00,1.5140,0.0000,0.0000,0,26.8,36.3,74.8,333,0.9
07-Jun-22,21:30:00,07/06/2022   21:30,0.7640,0.0000,0.0000,0,26.6,25.2,76,336,1.1
07-Jun-22,22:00:00,07/06/2022   22:00,0.6490,0.0000,0.0000,0,26.4,26.9,77.6,337,1.3
07-Jun-22,22:30:00,07/06/2022   22:30,0.5880,0.0000,0.0000,0,26.2,23.9,79,339,1.4
07-Jun-22,23:00:00,07/06/2022   23:00,0.3920,0.0000,0.0000,0,26,23.9,80.2,341,1.4
07-Jun-22,23:30:00,07/06/2022   23:30,0.3290,0.0000,0.0000,0,25.9,38.9,81,346,1.4
08-Jun-22,0:00:00,08/06/2022   00:00,0.5330,0.0000,0.0000,0,25.8,40.1,81.2,352,1.2
08-Jun-22,0:30:00,08/06/2022   00:30,0.6020,0.0000,0.0000,0,25.7,44.9,81.4,355,1.1
08-Jun-22,1:00:00,08/06/2022   01:00,0.2880,0.0000,0.0000,0,25.7,25.7,81.6,355,1.1
08-Jun-22,1:30:00,08/06/2022   01:30,0.3030,0.0000,0.0000,0,25.6,22.4,81.7,354,1.2
08-Jun-22,2:00:00,08/06/2022   02:00,0.3130,0.0000,0.0000,0,25.6,47,81.6,352,1.3
08-Jun-22,2:30:00,08/06/2022   02:30,0.2960,0.0000,0.0000,0,25.5,64.9,81.8,354,1.4
08-Jun-22,3:00:00,08/06/2022   03:00,0.2840,0.0000,0.0000,0,25.3,85.7,82.3,358,1.5
08-Jun-22,3:30:00,08/06/2022   03:30,0.2900,0.0000,0.0000,0,25.2,88.5,82.6,2,1.6
08-Jun-22,4:00:00,08/06/2022   04:00,0.2650,0.0000,0.0000,0,25.1,92.1,82.9,5,1.7
08-Jun-22,4:30:00,08/06/2022   04:30,0.2740,0.0000,0.0000,0,25.1,92,82.6,6,1.8
08-Jun-22,5:00:00,08/06/2022   05:00,0.2460,0.0000,0.0000,0,25.3,89.4,81.8,4,1.8
08-Jun-22,5:30:00,08/06/2022   05:30,0.2690,0.0000,0.0000,0,25.4,89.2,81.3,1,1.9
08-Jun-22,6:00:00,08/06/2022   06:00,0.2840,0.0000,0.0000,0,25.4,89.4,81.1,356,2
08-Jun-22,6:30:00,08/06/2022   06:30,0.2230,0.0000,0.0000,0,25.4,82.1,81.2,354,1.9
08-Jun-22,7:00:00,08/06/2022   07:00,0.2480,0.0000,0.0000,0,25.3,72.7,81.5,354,1.8
08-Jun-22,7:30:00,08/06/2022   07:30,0.2630,0.0000,0.0196,12,25.3,37.1,81.8,356,1.8
08-Jun-22,8:00:00,08/06/2022   08:00,0.2110,0.0000,0.0865,53,25.5,45.3,82,359,2
08-Jun-22,8:30:00,08/06/2022   08:30,0.3800,0.0000,0.1502,92,26,55.8,80.7,3,2
08-Jun-22,9:00:00,08/06/2022   09:00,0.8470,0.0000,0.4146,254,26.7,20.4,78,9,1.9
08-Jun-22,9:30:00,08/06/2022   09:30,0.0770,0.3830,0.6039,370,27.4,12.8,74.9,6,1.7
08-Jun-22,10:00:00,08/06/2022   10:00,0.0000,0.5190,0.7524,461,28.2,12.6,71.5,349,1.4
08-Jun-22,10:30:00,08/06/2022   10:30,0.0000,0.4000,0.6545,401,28.8,35.3,68.6,322,1.4
08-Jun-22,11:00:00,08/06/2022   11:00,0.0000,0.3250,0.5843,358,29.3,49.4,66.3,296,1.7
08-Jun-22,11:30:00,08/06/2022   11:30,0.0500,0.7610,0.7002,429,29.7,44.7,64.9,284,2.1
08-Jun-22,12:00:00,08/06/2022   12:00,0.0000,0.5440,0.6643,407,29.9,51.1,64.4,278,2.4
08-Jun-22,12:30:00,08/06/2022   12:30,0.0000,0.7960,0.5206,319,30,63.4,64.5,273,2.6
08-Jun-22,13:00:00,08/06/2022   13:00,0.0000,0.7320,0.3770,231,30,74.1,65.3,269,2.9
08-Jun-22,13:30:00,08/06/2022   13:30,0.0000,0.2960,0.5533,339,30,62.2,66.1,272,3.2
08-Jun-22,14:00:00,08/06/2022   14:00,0.0000,0.3190,0.4292,263,29.9,70.3,66.9,278,3.7
08-Jun-22,14:30:00,08/06/2022   14:30,0.0040,0.1130,0.5565,341,29.7,59.9,67.6,282,4
08-Jun-22,15:00:00,08/06/2022   15:00,0.0370,0.6340,1.1359,696,29.6,14,68.1,285,4
08-Jun-22,15:30:00,08/06/2022   15:30,0.1400,0.1270,1.0674,654,29.5,12.6,68.6,287,4
08-Jun-22,16:00:00,08/06/2022   16:00,0.1430,0.0030,1.0919,669,29.4,0.6,69.1,289,3.9
08-Jun-22,16:30:00,08/06/2022   16:30,0.0810,0.4260,0.9499,582,29.3,0.7,69.7,290,3.9
08-Jun-22,17:00:00,08/06/2022   17:00,0.0000,0.2980,0.7899,484,29.2,0.7,70.5,290,3.8
08-Jun-22,17:30:00,08/06/2022   17:30,0.0000,0.1150,0.6218,381,28.9,0,72.5,289,3.7
08-Jun-22,18:00:00,08/06/2022   18:00,0.0270,0.0400,0.4390,269,28.6,0.4,75.7,287,3.4
08-Jun-22,18:30:00,08/06/2022   18:30,0.2990,0.0000,0.2628,161,28.1,0.6,78.4,286,3.2
08-Jun-22,19:00:00,08/06/2022   19:00,0.3040,0.0000,0.0914,56,27.5,18.4,80.7,286,2.9
08-Jun-22,19:30:00,08/06/2022   19:30,0.6610,0.0000,0.0065,4,27,26.6,81.9,286,2.8
08-Jun-22,20:00:00,08/06/2022   20:00,1.4090,0.0000,0.0000,0,26.6,29.3,82.1,285,2.7
08-Jun-22,20:30:00,08/06/2022   20:30,1.3840,0.0000,0.0000,0,26.4,23.7,82.2,287,2.7
08-Jun-22,21:00:00,08/06/2022   21:00,1.4800,0.0000,0.0000,0,26.3,23.6,82.1,292,2.6
08-Jun-22,21:30:00,08/06/2022   21:30,1.5660,0.0000,0.0000,0,26.2,23.7,82.5,297,2.5
08-Jun-22,22:00:00,08/06/2022   22:00,1.3410,0.0000,0.0000,0,26,31.9,83.2,302,2.3
08-Jun-22,22:30:00,08/06/2022   22:30,0.7260,0.0000,0.0000,0,25.8,61.3,83.7,308,2.1
08-Jun-22,23:00:00,08/06/2022   23:00,0.3520,0.0000,0.0000,0,25.5,72.4,84.1,314,2
08-Jun-22,23:30:00,08/06/2022   23:30,0.5630,0.0000,0.0000,0,25.4,75.5,84.7,321,2
09-Jun-22,0:00:00,09/06/2022   00:00,0.7030,0.0000,0.0000,0,25.2,69.3,85.4,330,2
09-Jun-22,0:30:00,09/06/2022   00:30,0.4240,0.0000,0.0000,0,25.1,48.8,86.1,337,2
09-Jun-22,1:00:00,09/06/2022   01:00,0.3160,0.0000,0.0000,0,25,59.8,86.5,343,2.1
09-Jun-22,1:30:00,09/06/2022   01:30,0.2890,0.0000,0.0000,0,24.9,51.6,87,346,2.1
09-Jun-22,2:00:00,09/06/2022   02:00,0.2780,0.0000,0.0000,0,24.7,47.5,87.5,344,2.1
09-Jun-22,2:30:00,09/06/2022   02:30,0.2510,0.0000,0.0000,0,24.5,41.5,87.8,343,2.1
09-Jun-22,3:00:00,09/06/2022   03:00,0.2490,0.0000,0.0000,0,24.4,26.6,88.1,341,2.1
09-Jun-22,3:30:00,09/06/2022   03:30,0.2810,0.0000,0.0000,0,24.3,25.4,88.2,339,2.1
09-Jun-22,4:00:00,09/06/2022   04:00,0.2900,0.0000,0.0000,0,24.3,44.5,88.1,338,2
09-Jun-22,4:30:00,09/06/2022   04:30,0.2790,0.0000,0.0000,0,24.2,44,88.1,339,2
09-Jun-22,5:00:00,09/06/2022   05:00,0.2560,0.0000,0.0000,0,24.2,51.5,88,340,2
09-Jun-22,5:30:00,09/06/2022   05:30,0.2550,0.0000,0.0000,0,24.1,56.7,88,344,1.9
09-Jun-22,6:00:00,09/06/2022   06:00,0.2660,0.0000,0.0000,0,24.1,62.6,88.1,351,1.8
09-Jun-22,6:30:00,09/06/2022   06:30,0.2120,0.0000,0.0000,0,24,61.3,88.1,356,1.8
09-Jun-22,7:00:00,09/06/2022   07:00,0.2580,0.0000,0.0000,0,24,37.8,88.2,359,1.9
09-Jun-22,7:30:00,09/06/2022   07:30,0.2620,0.0000,0.0310,19,24.1,12.4,88.2,1,2
09-Jun-22,8:00:00,09/06/2022   08:00,0.1920,0.0000,0.1502,92,24.4,7.2,88.1,3,1.9
09-Jun-22,8:30:00,09/06/2022   08:30,0.0190,0.0510,0.3019,185,24.9,9.5,86.9,4,1.9
09-Jun-22,9:00:00,09/06/2022   09:00,0.0000,0.1980,0.4472,274,25.5,12.8,84.7,3,1.8
09-Jun-22,9:30:00,09/06/2022   09:30,0.0000,0.5390,0.6610,405,26.2,4.9,81.8,2,1.7
09-Jun-22,10:00:00,09/06/2022   10:00,0.0000,0.5780,0.8438,517,26.9,2.2,78.4,359,1.5
09-Jun-22,10:30:00,09/06/2022   10:30,0.0000,0.6060,0.9124,559,27.7,10.3,75.1,353,1.3
09-Jun-22,11:00:00,09/06/2022   11:00,0.0000,0.7320,0.9646,591,28.4,16.4,71.7,344,1.1
09-Jun-22,11:30:00,09/06/2022   11:30,0.0000,0.7960,1.0756,659,29,15.1,69.3,327,0.9
09-Jun-22,12:00:00,09/06/2022   12:00,0.0210,1.0100,1.1523,706,29.4,15.2,67.6,293,0.7
09-Jun-22,12:30:00,09/06/2022   12:30,0.0000,0.8300,1.1670,715,29.6,17.9,66.6,259,0.9
09-Jun-22,13:00:00,09/06/2022   13:00,0.0000,0.6320,1.1408,699,29.7,21.7,66.4,239,1.3
09-Jun-22,13:30:00,09/06/2022   13:30,0.0000,0.8470,1.2290,753,29.8,16.1,66.7,232,1.7
09-Jun-22,14:00:00,09/06/2022   14:00,0.0000,0.9870,1.3073,801,29.8,9.5,67.4,232,2.2
09-Jun-22,14:30:00,09/06/2022   14:30,0.2450,0.0810,1.1686,716,29.8,16.3,68.1,233,2.4
09-Jun-22,15:00:00,09/06/2022   15:00,0.0200,0.8190,0.9221,565,29.7,30.3,68.9,235,2.5
09-Jun-22,15:30:00,09/06/2022   15:30,0.2810,0.4720,0.4064,249,29.6,66.9,69.5,239,2.6
09-Jun-22,16:00:00,09/06/2022   16:00,0.5810,0.1000,0.5468,335,29.4,50,70,245,2.6
09-Jun-22,16:30:00,09/06/2022   16:30,0.0000,0.2030,0.2497,153,29.2,74.3,71.3,249,2.5
09-Jun-22,17:00:00,09/06/2022   17:00,0.0000,0.1390,0.0800,49,29,90,73.4,251,2.4
09-Jun-22,17:30:00,09/06/2022   17:30,0.0960,0.0090,0.0359,22,28.6,94.4,75.5,250,2.1
09-Jun-22,18:00:00,09/06/2022   18:00,0.2090,0.0000,0.0212,13,28.2,95,77.6,244,1.7
09-Jun-22,18:30:00,09/06/2022   18:30,0.3090,0.0000,0.0212,13,27.7,91.3,79,235,1.3
09-Jun-22,19:00:00,09/06/2022   19:00,0.4020,0.0000,0.0180,11,27.1,80.8,79.7,222,1.1
09-Jun-22,19:30:00,09/06/2022   19:30,1.1250,0.0000,0.0033,2,26.6,77.2,80.8,194,0.9
09-Jun-22,20:00:00,09/06/2022   20:00,1.6680,0.0000,0.0000,0,26.2,93.1,82.2,149,1.1
09-Jun-22,20:30:00,09/06/2022   20:30,1.3920,0.0000,0.0000,0,25.8,94.7,83.6,122,1.5
09-Jun-22,21:00:00,09/06/2022   21:00,1.5910,0.0000,0.0000,0,25.6,92.5,85.1,106,2.1
09-Jun-22,21:30:00,09/06/2022   21:30,1.3690,0.0000,0.0000,0,25.4,90.7,86.6,98,2.4
09-Jun-22,22:00:00,09/06/2022   22:00,1.5330,0.0000,0.0000,0,25.2,90.7,88.2,91,2.4
09-Jun-22,22:30:00,09/06/2022   22:30,1.6560,0.0000,0.0000,0,24.9,88.8,89.4,82,2.2
09-Jun-22,23:00:00,09/06/2022   23:00,0.6490,0.0000,0.0000,0,24.8,84.3,90.1,68,1.8
09-Jun-22,23:30:00,09/06/2022   23:30,0.3610,0.0000,0.0000,0,24.7,67.9,90.3,60,1.7
10-Jun-22,0:00:00,10/06/2022   00:00,0.3230,0.0000,0.0000,0,24.7,61.9,90,63,1.6
10-Jun-22,0:30:00,10/06/2022   00:30,0.4670,0.0000,0.0000,0,24.6,71.7,89.9,71,1.6
10-Jun-22,1:00:00,10/06/2022   01:00,0.4230,0.0000,0.0000,0,24.6,68.1,90,82,1.7
10-Jun-22,1:30:00,10/06/2022   01:30,0.3490,0.0000,0.0000,0,24.5,24.6,90,90,1.7
10-Jun-22,2:00:00,10/06/2022   02:00,0.4530,0.0000,0.0000,0,24.4,27.1,89.9,99,1.6
10-Jun-22,2:30:00,10/06/2022   02:30,0.3330,0.0000,0.0000,0,24.3,59.1,90,103,1.6
10-Jun-22,3:00:00,10/06/2022   03:00,0.3020,0.0000,0.0000,0,24.3,23.9,90.2,100,1.8
10-Jun-22,3:30:00,10/06/2022   03:30,0.2900,0.0000,0.0000,0,24.2,23.4,90.2,96,1.8
10-Jun-22,4:00:00,10/06/2022   04:00,0.2910,0.0000,0.0000,0,24.2,23.9,90,92,1.6
10-Jun-22,4:30:00,10/06/2022   04:30,0.2630,0.0000,0.0000,0,24.2,21.7,89.9,88,1.6
10-Jun-22,5:00:00,10/06/2022   05:00,0.2530,0.0000,0.0000,0,24.2,23.7,89.8,87,1.7
10-Jun-22,5:30:00,10/06/2022   05:30,0.2510,0.0000,0.0000,0,24.1,27.9,89.9,86,1.6
10-Jun-22,6:00:00,10/06/2022   06:00,0.2790,0.0000,0.0000,0,24.1,27.2,90.1,86,1.5
10-Jun-22,6:30:00,10/06/2022   06:30,0.2620,0.0000,0.0000,0,24.1,25.1,90.1,83,1.3
10-Jun-22,7:00:00,10/06/2022   07:00,0.2010,0.0000,0.0000,0,24.1,24.6,89.7,75,1.1
10-Jun-22,7:30:00,10/06/2022   07:30,0.2460,0.0000,0.0310,19,24.2,10,89.4,61,0.9
10-Jun-22,8:00:00,10/06/2022   08:00,0.1650,0.0000,0.1518,93,24.4,6,89.3,38,0.8
10-Jun-22,8:30:00,10/06/2022   08:30,0.0080,0.1180,0.2775,170,24.8,16.5,88.2,22,0.6
10-Jun-22,9:00:00,10/06/2022   09:00,0.0000,0.3220,0.4097,251,25.5,20.2,86.4,4,0.2
10-Jun-22,9:30:00,10/06/2022   09:30,0.0000,0.4190,0.4815,295,26.2,30.3,84,273,0.3
10-Jun-22,10:00:00,10/06/2022   10:00,0.0000,0.5810,0.6316,387,26.9,26.6,81.3,258,0.7
10-Jun-22,10:30:00,10/06/2022   10:30,0.0000,0.6930,0.7948,487,27.6,22,78.6,262,1.2
10-Jun-22,11:00:00,10/06/2022   11:00,0.0000,0.9610,1.1196,686,28.1,2.7,76,268,1.7
10-Jun-22,11:30:00,10/06/2022   11:30,0.0440,0.8100,1.2094,741,28.5,4.4,73.8,270,2.1
10-Jun-22,12:00:00,10/06/2022   12:00,0.0000,1.1600,1.2763,782,28.9,5.9,72,270,2.4
10-Jun-22,12:30:00,10/06/2022   12:30,0.0000,1.1380,1.2404,760,29.2,12.7,70.6,269,2.8
10-Jun-22,13:00:00,10/06/2022   13:00,0.0000,1.2240,1.2371,758,29.4,15.1,69.6,268,3.1
10-Jun-22,13:30:00,10/06/2022   13:30,0.0740,1.1180,1.3416,822,29.7,8.5,68.7,265,3.3
10-Jun-22,14:00:00,10/06/2022   14:00,0.4380,0.3450,1.2110,742,29.9,16.3,67.9,261,3.5
10-Jun-22,14:30:00,10/06/2022   14:30,0.0000,1.0330,1.2975,795,29.9,7.3,68,260,3.7
10-Jun-22,15:00:00,10/06/2022   15:00,0.0000,1.0570,1.2845,787,29.7,3.1,69.1,262,3.9
10-Jun-22,15:30:00,10/06/2022   15:30,0.0010,0.9560,1.2208,748,29.6,0.6,69.6,265,4.1
10-Jun-22,16:00:00,10/06/2022   16:00,0.2220,0.0000,1.1000,674,29.6,0.5,69.7,270,4.2
10-Jun-22,16:30:00,10/06/2022   16:30,0.5260,0.0000,0.8112,497,29.5,16,70.3,274,4.3
10-Jun-22,17:00:00,10/06/2022   17:00,0.3270,0.1340,0.5614,344,29.3,30.1,71.4,278,4.4
10-Jun-22,17:30:00,10/06/2022   17:30,0.0420,0.1320,0.4178,256,29,33.9,73.2,281,4.4
10-Jun-22,18:00:00,10/06/2022   18:00,0.1280,0.0000,0.1338,82,28.7,72.5,75.8,284,4.3
10-Jun-22,18:30:00,10/06/2022   18:30,0.1560,0.0000,0.0196,12,28.2,92.8,78,286,4.2
10-Jun-22,19:00:00,10/06/2022   19:00,0.2220,0.0000,0.0457,28,27.7,55.7,79.9,288,4.3
10-Jun-22,19:30:00,10/06/2022   19:30,0.8270,0.0000,0.0049,3,27.3,67.8,80.9,291,4.2
10-Jun-22,20:00:00,10/06/2022   20:00,1.4330,0.0000,0.0000,0,27.1,63,81.2,295,4.2
10-Jun-22,20:30:00,10/06/2022   20:30,1.6640,0.0000,0.0000,0,26.9,66.2,81.4,298,4.2
10-Jun-22,21:00:00,10/06/2022   21:00,1.6060,0.0000,0.0000,0,26.8,61.1,81.8,301,4.4
10-Jun-22,21:30:00,10/06/2022   21:30,1.4190,0.0000,0.0000,0,26.7,61.8,82.1,303,4.5
10-Jun-22,22:00:00,10/06/2022   22:00,1.4430,0.0000,0.0000,0,26.5,58.3,82.4,304,4.5
10-Jun-22,22:30:00,10/06/2022   22:30,1.4040,0.0000,0.0000,0,26.4,67.8,83.1,305,4.5
10-Jun-22,23:00:00,10/06/2022   23:00,0.8930,0.0000,0.0000,0,26.2,82.8,84.3,306,4.4
10-Jun-22,23:30:00,10/06/2022   23:30,0.6870,0.0000,0.0000,0,26,88.3,85.2,308,4.3
11-Jun-22,0:00:00,11/06/2022   00:00,0.3160,0.0000,0.0000,0,25.7,81.6,86.1,312,4.2
11-Jun-22,0:30:00,11/06/2022   00:30,0.2750,0.0000,0.0000,0,25.6,82.3,86.7,315,4.1
11-Jun-22,1:00:00,11/06/2022   01:00,0.2690,0.0000,0.0000,0,25.4,73.7,87,317,4
11-Jun-22,1:30:00,11/06/2022   01:30,0.2820,0.0000,0.0000,0,25.3,58.7,87.5,322,3.8
11-Jun-22,2:00:00,11/06/2022   02:00,0.2740,0.0000,0.0000,0,25.1,56.4,88.3,328,3.6
11-Jun-22,2:30:00,11/06/2022   02:30,0.3660,0.0000,0.0000,0,24.9,93.1,88.7,334,3.4
11-Jun-22,3:00:00,11/06/2022   03:00,0.2780,0.0000,0.0000,0,24.7,93.6,88.7,340,3.3
11-Jun-22,3:30:00,11/06/2022   03:30,0.2790,0.0000,0.0000,0,24.7,94.5,88.6,342,3.2
11-Jun-22,4:00:00,11/06/2022   04:00,0.3280,0.0000,0.0000,0,24.7,94.3,88.3,339,3
11-Jun-22,4:30:00,11/06/2022   04:30,0.2440,0.0000,0.0000,0,24.6,93.6,88.1,339,2.9
11-Jun-22,5:00:00,11/06/2022   05:00,0.2380,0.0000,0.0000,0,24.6,93.3,88,340,3
11-Jun-22,5:30:00,11/06/2022   05:30,0.2760,0.0000,0.0000,0,24.5,94,88.3,342,3
11-Jun-22,6:00:00,11/06/2022   06:00,0.2490,0.0000,0.0000,0,24.3,93.8,89.1,346,3
11-Jun-22,6:30:00,11/06/2022   06:30,0.2950,0.0000,0.0000,0,24.3,93,89.3,348,2.9
11-Jun-22,7:00:00,11/06/2022   07:00,0.2200,0.0000,0.0000,0,24.3,79.6,89.1,350,2.6
11-Jun-22,7:30:00,11/06/2022   07:30,0.2570,0.0000,0.0180,11,24.4,40.1,88.6,353,2.5
11-Jun-22,8:00:00,11/06/2022   08:00,0.2790,0.0000,0.0375,23,24.7,76.3,88,356,2.4
11-Jun-22,8:30:00,11/06/2022   08:30,0.1910,0.0000,0.0898,55,25.2,72.9,86.4,357,2.3
11-Jun-22,9:00:00,11/06/2022   09:00,0.0740,0.0640,0.2007,123,25.9,61.4,83.8,356,2.3
11-Jun-22,9:30:00,11/06/2022   09:30,0.0020,0.2080,0.4146,254,26.6,39.6,81.2,349,2.3
11-Jun-22,10:00:00,11/06/2022   10:00,0.0000,0.5670,0.6414,393,27.2,25.3,78.5,335,2.3
11-Jun-22,10:30:00,11/06/2022   10:30,0.0000,0.9050,0.7230,443,27.8,28.1,75.4,325,2.3
11-Jun-22,11:00:00,11/06/2022   11:00,0.0000,0.6740,0.4537,278,28.4,60.1,72,320,2.4
11-Jun-22,11:30:00,11/06/2022   11:30,0.0010,0.2490,0.2921,179,29,76.6,68.9,314,2.3
11-Jun-22,12:00:00,11/06/2022   12:00,0.0000,0.4510,0.3444,211,29.5,74.6,66.2,306,2.2
11-Jun-22,12:30:00,11/06/2022   12:30,0.0000,0.7840,0.9026,553,29.8,36.2,64.9,295,2.2
11-Jun-22,13:00:00,11/06/2022   13:00,0.0000,1.2710,1.0625,651,29.9,26.6,64.9,282,2.3
11-Jun-22,13:30:00,11/06/2022   13:30,0.0000,1.0900,1.0756,659,29.6,26,67,273,2.5
11-Jun-22,14:00:00,11/06/2022   14:00,0.0000,1.3290,1.0250,628,28.9,28.5,71.2,268,2.6
11-Jun-22,14:30:00,11/06/2022   14:30,0.0000,0.7190,0.9172,562,28.5,33.9,74.4,267,2.7
11-Jun-22,15:00:00,11/06/2022   15:00,0.0000,1.1550,1.0951,671,28.1,16.6,76.3,271,2.7
11-Jun-22,15:30:00,11/06/2022   15:30,0.0000,0.8890,0.9026,553,27.9,25.9,77.9,276,2.7
11-Jun-22,16:00:00,11/06/2022   16:00,0.7070,0.0750,0.5663,347,27.6,48.7,79.2,284,2.7
11-Jun-22,16:30:00,11/06/2022   16:30,0.8590,0.0000,0.1697,104,27.5,82.2,79.9,287,2.8
11-Jun-22,17:00:00,11/06/2022   17:00,0.1900,0.0010,0.0702,43,27.4,91.3,79.9,287,2.8
11-Jun-22,17:30:00,11/06/2022   17:30,0.9690,0.0000,0.0294,18,27.3,95.1,80.2,290,2.7
11-Jun-22,18:00:00,11/06/2022   18:00,0.3200,0.0000,0.0228,14,27.2,94.8,80.7,295,2.6
11-Jun-22,18:30:00,11/06/2022   18:30,0.4420,0.0000,0.0163,10,26.9,93.9,82,301,2.6
11-Jun-22,19:00:00,11/06/2022   19:00,0.2590,0.0000,0.0212,13,26.3,75.7,83.9,306,2.5
11-Jun-22,19:30:00,11/06/2022   19:30,0.2930,0.0000,0.0049,3,25.9,74.2,85.2,309,2.6
11-Jun-22,20:00:00,11/06/2022   20:00,0.3920,0.0000,0.0000,0,25.6,91.8,86.1,309,2.8
11-Jun-22,20:30:00,11/06/2022   20:30,0.6950,0.0000,0.0000,0,25.4,91.2,87,312,2.9
11-Jun-22,21:00:00,11/06/2022   21:00,0.3550,0.0000,0.0000,0,25.2,88.8,87.9,317,3
11-Jun-22,21:30:00,11/06/2022   21:30,0.3900,0.0000,0.0000,0,25.1,85.7,88.7,322,3
11-Jun-22,22:00:00,11/06/2022   22:00,0.5970,0.0000,0.0000,0,24.9,82.2,89.4,328,3.2
11-Jun-22,22:30:00,11/06/2022   22:30,0.7060,0.0000,0.0000,0,24.8,81.3,89.8,330,3.2
11-Jun-22,23:00:00,11/06/2022   23:00,1.1340,0.0000,0.0000,0,24.7,77.1,89.9,328,3.1
11-Jun-22,23:30:00,11/06/2022   23:30,0.7150,0.0000,0.0000,0,24.7,75.1,89.9,328,3
12-Jun-22,0:00:00,12/06/2022   00:00,0.3570,0.0000,0.0000,0,24.6,79.5,89.7,329,3
12-Jun-22,0:30:00,12/06/2022   00:30,0.3060,0.0000,0.0000,0,24.6,81.6,89.7,332,2.9
12-Jun-22,1:00:00,12/06/2022   01:00,0.2790,0.0000,0.0000,0,24.5,82.3,89.7,336,2.8
12-Jun-22,1:30:00,12/06/2022   01:30,0.2660,0.0000,0.0000,0,24.5,85.8,89.4,333,2.8
12-Jun-22,2:00:00,12/06/2022   02:00,0.2760,0.0000,0.0000,0,24.4,88.7,88.7,324,2.9
12-Jun-22,2:30:00,12/06/2022   02:30,0.2770,0.0000,0.0000,0,24.3,87.3,88.2,316,3.1
12-Jun-22,3:00:00,12/06/2022   03:00,0.2610,0.0000,0.0000,0,24.3,82.4,87.9,311,3.4
12-Jun-22,3:30:00,12/06/2022   03:30,0.2810,0.0000,0.0000,0,24.3,59.5,88.1,311,3.7
12-Jun-22,4:00:00,12/06/2022   04:00,0.2130,0.0000,0.0000,0,24.1,46,88.8,313,3.9
12-Jun-22,4:30:00,12/06/2022   04:30,0.2670,0.0000,0.0000,0,24,36.8,89,313,4
12-Jun-22,5:00:00,12/06/2022   05:00,0.2610,0.0000,0.0000,0,24,53.1,88.6,313,4.1
12-Jun-22,5:30:00,12/06/2022   05:30,0.2050,0.0000,0.0000,0,24,46.8,88.5,312,4.1
12-Jun-22,6:00:00,12/06/2022   06:00,0.2930,0.0000,0.0000,0,24,36.4,88.6,312,4
12-Jun-22,6:30:00,12/06/2022   06:30,0.2560,0.0000,0.0000,0,24,37,88.9,313,4
12-Jun-22,7:00:00,12/06/2022   07:00,0.2510,0.0000,0.0000,0,24,50.7,89.2,314,4
12-Jun-22,7:30:00,12/06/2022   07:30,0.2310,0.0000,0.0277,17,24.1,22.8,89.3,315,3.9
12-Jun-22,8:00:00,12/06/2022   08:00,0.1330,0.0000,0.1371,84,24.3,12.4,89.3,315,3.6
12-Jun-22,8:30:00,12/06/2022   08:30,0.0100,0.0680,0.2758,169,24.6,16,88.4,317,3.5
12-Jun-22,9:00:00,12/06/2022   09:00,0.0000,0.3040,0.4684,287,25.1,8,86.6,320,3.5
12-Jun-22,9:30:00,12/06/2022   09:30,0.0000,0.3610,0.6447,395,25.7,6.1,84.2,321,3.6
12-Jun-22,10:00:00,12/06/2022   10:00,0.0000,0.6160,0.8487,520,26.4,0.8,81.4,319,3.7
12-Jun-22,10:30:00,12/06/2022   10:30,0.0000,0.8360,0.9695,594,27.1,3.8,78,316,3.8
12-Jun-22,11:00:00,12/06/2022   11:00,0.0000,1.0720,1.0511,644,27.8,8.1,74.4,311,3.9
12-Jun-22,11:30:00,12/06/2022   11:30,0.0000,1.0460,1.1033,676,28.3,12.4,72.4,306,3.9
12-Jun-22,12:00:00,12/06/2022   12:00,0.0000,1.1730,1.1751,720,28.5,13,71.8,300,3.7
12-Jun-22,12:30:00,12/06/2022   12:30,0.0380,0.6900,1.0625,651,28.6,24.8,71.9,291,3.6
12-Jun-22,13:00:00,12/06/2022   13:00,0.4560,0.0000,0.8324,510,28.6,42.7,72.5,280,3.6
12-Jun-22,13:30:00,12/06/2022   13:30,0.3880,0.0000,0.8862,543,28.7,39.2,71.8,272,3.6
12-Jun-22,14:00:00,12/06/2022   14:00,0.1810,0.0910,1.1147,683,28.9,22.6,69.7,268,3.7
12-Jun-22,14:30:00,12/06/2022   14:30,0.1710,0.1240,1.1180,685,28.9,19.9,69.6,267,3.7
12-Jun-22,15:00:00,12/06/2022   15:00,0.0690,0.4850,1.0723,657,28.6,18.8,71.2,267,3.4
12-Jun-22,15:30:00,12/06/2022   15:30,0.0000,0.7190,0.9956,610,28.6,18.6,71.4,268,3.2
12-Jun-22,16:00:00,12/06/2022   16:00,0.2900,0.0780,0.8242,505,28.9,25.2,70.2,271,2.8
12-Jun-22,16:30:00,12/06/2022   16:30,0.2740,0.2100,0.6741,413,29,29.4,70.1,274,2.5
12-Jun-22,17:00:00,12/06/2022   17:00,0.0000,0.3940,0.6137,376,28.9,23.2,70.9,277,2.2
12-Jun-22,17:30:00,12/06/2022   17:30,0.0000,0.2360,0.2758,169,28.5,57.2,73.5,278,1.9
12-Jun-22,18:00:00,12/06/2022   18:00,0.0270,0.0400,0.0326,20,27.9,92.9,77.8,278,1.5
12-Jun-22,18:30:00,12/06/2022   18:30,0.2440,0.0000,0.0277,17,27.3,89.6,80.4,278,1.1
12-Jun-22,19:00:00,12/06/2022   19:00,0.4380,0.0000,0.0196,12,26.8,76.5,81,281,0.5
12-Jun-22,19:30:00,12/06/2022   19:30,1.3930,0.0000,0.0033,2,26.4,75.1,82,301,0.4
12-Jun-22,20:00:00,12/06/2022   20:00,1.3690,0.0000,0.0000,0,26.1,90.7,83.2,312,0.7
12-Jun-22,20:30:00,12/06/2022   20:30,1.3190,0.0000,0.0000,0,26,91.8,83.6,331,0.8
12-Jun-22,21:00:00,12/06/2022   21:00,1.2960,0.0000,0.0000,0,26,93.4,83.4,1,0.9
12-Jun-22,21:30:00,12/06/2022   21:30,0.6810,0.0000,0.0000,0,26,91.9,83.5,14,1
12-Jun-22,22:00:00,12/06/2022   22:00,1.1710,0.0000,0.0000,0,25.9,83.5,84,18,0.9
12-Jun-22,22:30:00,12/06/2022   22:30,1.3100,0.0000,0.0000,0,25.8,53.1,84.3,19,0.9
12-Jun-22,23:00:00,12/06/2022   23:00,1.3400,0.0000,0.0000,0,25.8,21.1,84.3,19,0.8
12-Jun-22,23:30:00,12/06/2022   23:30,0.5870,0.0000,0.0000,0,25.7,25.1,84.7,27,0.8
13-Jun-22,0:00:00,13/06/2022   00:00,0.3560,0.0000,0.0000,0,25.6,30.8,85.4,39,1.1
13-Jun-22,0:30:00,13/06/2022   00:30,0.2700,0.0000,0.0000,0,25.5,20.2,86.1,35,1.1
13-Jun-22,1:00:00,13/06/2022   01:00,0.2760,0.0000,0.0000,0,25.4,21.2,86.6,19,1
13-Jun-22,1:30:00,13/06/2022   01:30,0.2890,0.0000,0.0000,0,25.3,19.8,87.1,1,1.2
13-Jun-22,2:00:00,13/06/2022   02:00,0.2590,0.0000,0.0000,0,25.3,21.2,87.6,347,1.5
13-Jun-22,2:30:00,13/06/2022   02:30,0.3050,0.0000,0.0000,0,25.3,21.9,87.8,345,1.6
13-Jun-22,3:00:00,13/06/2022   03:00,0.2880,0.0000,0.0000,0,25.3,24.5,87.5,349,1.7
13-Jun-22,3:30:00,13/06/2022   03:30,0.4970,0.0000,0.0000,0,25.2,25.7,87.6,351,1.7
13-Jun-22,4:00:00,13/06/2022   04:00,0.2920,0.0000,0.0000,0,25.2,39.3,87.9,351,1.7
13-Jun-22,4:30:00,13/06/2022   04:30,0.2500,0.0000,0.0000,0,25.1,64.2,88.2,346,1.7
13-Jun-22,5:00:00,13/06/2022   05:00,0.2560,0.0000,0.0000,0,25.1,69.4,88.4,339,1.7
13-Jun-22,5:30:00,13/06/2022   05:30,0.2680,0.0000,0.0000,0,25.1,70.4,88.3,335,1.7
13-Jun-22,6:00:00,13/06/2022   06:00,0.2190,0.0000,0.0000,0,25.1,69.5,88.1,336,1.5
13-Jun-22,6:30:00,13/06/2022   06:30,0.2510,0.0000,0.0000,0,25.2,66,88,331,1.5
13-Jun-22,7:00:00,13/06/2022   07:00,0.2210,0.0000,0.0000,0,25.2,45.6,88.1,324,1.7
13-Jun-22,7:30:00,13/06/2022   07:30,0.2110,0.0000,0.0196,12,25.2,29.3,88.4,327,1.8
13-Jun-22,8:00:00,13/06/2022   08:00,0.2370,0.0000,0.0734,45,25.2,51,88.8,338,1.9
13-Jun-22,8:30:00,13/06/2022   08:30,0.0630,0.0180,0.2154,132,25.5,33.4,88.2,347,2.1
13-Jun-22,9:00:00,13/06/2022   09:00,0.0050,0.1170,0.4080,250,26,18.6,86.8,353,2.3
13-Jun-22,9:30:00,13/06/2022   09:30,0.0000,0.4440,0.5696,349,26.6,16,84.3,358,2.4
13-Jun-22,10:00:00,13/06/2022   10:00,0.0000,0.5680,0.7704,472,27.3,9.4,80.9,1,2.5
13-Jun-22,10:30:00,13/06/2022   10:30,0.0000,0.7270,0.9858,604,28,1.8,77.4,1,2.4
13-Jun-22,11:00:00,13/06/2022   11:00,0.0000,0.9590,1.0690,655,28.7,6.1,73.9,357,2.2
13-Jun-22,11:30:00,13/06/2022   11:30,0.0000,0.5690,1.0005,613,29.2,20.2,71.6,350,1.7
13-Jun-22,12:00:00,13/06/2022   12:00,0.0210,0.7980,0.9417,577,29.5,30.2,70.4,334,1.1
13-Jun-22,12:30:00,13/06/2022   12:30,0.0000,0.9080,1.0413,638,29.5,26.3,70.5,289,0.7
13-Jun-22,13:00:00,13/06/2022   13:00,0.0100,0.1440,1.1066,678,29.3,23.7,72,228,1
13-Jun-22,13:30:00,13/06/2022   13:30,0.0000,0.3790,1.0086,618,29.3,31,72.3,226,1.4
13-Jun-22,14:00:00,13/06/2022   14:00,0.0000,0.6790,0.8454,518,29.5,41.5,71.3,243,1.7
13-Jun-22,14:30:00,13/06/2022   14:30,0.0000,0.4200,0.8764,537,29.6,37.2,71.2,251,2
13-Jun-22,15:00:00,13/06/2022   15:00,0.0000,0.3560,0.7834,480,29.5,41,71.9,255,2.1
13-Jun-22,15:30:00,13/06/2022   15:30,0.3470,0.2400,0.4031,247,29.6,67.2,72.2,257,2.2
13-Jun-22,16:00:00,13/06/2022   16:00,0.7220,0.0030,0.1991,122,29.6,82,72.1,257,2.4
13-Jun-22,16:30:00,13/06/2022   16:30,0.0350,0.0190,0.0555,34,29.7,94.4,71.8,260,2.5
13-Jun-22,17:00:00,13/06/2022   17:00,0.1500,0.0000,0.0294,18,29.7,96.3,71.1,265,2.7
13-Jun-22,17:30:00,13/06/2022   17:30,0.1870,0.0000,0.0326,20,29.5,94.5,72.1,271,2.6
13-Jun-22,18:00:00,13/06/2022   18:00,0.2430,0.0000,0.0522,32,29.1,88.2,74.8,278,2.3
13-Jun-22,18:30:00,13/06/2022   18:30,0.2750,0.0000,0.0196,12,28.5,93,77,286,2.1
13-Jun-22,19:00:00,13/06/2022   19:00,0.2950,0.0000,0.0196,12,27.8,79.6,78.7,296,2
13-Jun-22,19:30:00,13/06/2022   19:30,0.4880,0.0000,0.0049,3,27.3,74.1,80.4,312,1.7
13-Jun-22,20:00:00,13/06/2022   20:00,1.3260,0.0000,0.0000,0,26.8,92.5,82.1,342,1.4
13-Jun-22,20:30:00,13/06/2022   20:30,1.6550,0.0000,0.0000,0,26.4,87.5,84.2,11,1.8
13-Jun-22,21:00:00,13/06/2022   21:00,1.2250,0.0000,0.0000,0,26,84.7,86.8,24,2.6
13-Jun-22,21:30:00,13/06/2022   21:30,0.4470,0.0000,0.0000,0,25.7,59.6,88.3,34,2.7
13-Jun-22,22:00:00,13/06/2022   22:00,0.9630,0.0000,0.0000,0,25.5,50.8,88.6,49,2.4
13-Jun-22,22:30:00,13/06/2022   22:30,1.3430,0.0000,0.0000,0,25.3,25.4,88.5,64,2.4
13-Jun-22,23:00:00,13/06/2022   23:00,1.4480,0.0000,0.0000,0,25.3,24.5,88.1,73,2.7
13-Jun-22,23:30:00,13/06/2022   23:30,0.6320,0.0000,0.0000,0,25.2,18.4,88.1,76,2.9
14-Jun-22,0:00:00,14/06/2022   00:00,0.4030,0.0000,0.0000,0,25,19,88.3,74,2.8
14-Jun-22,0:30:00,14/06/2022   00:30,0.4000,0.0000,0.0000,0,24.9,20.1,88.6,76,2.8
14-Jun-22,1:00:00,14/06/2022   01:00,0.2740,0.0000,0.0000,0,24.8,18.5,88.9,81,2.8
14-Jun-22,1:30:00,14/06/2022   01:30,0.2610,0.0000,0.0000,0,24.7,18.8,88.9,81,2.6
14-Jun-22,2:00:00,14/06/2022   02:00,0.2700,0.0000,0.0000,0,24.7,18.8,88.6,76,2.4
14-Jun-22,2:30:00,14/06/2022   02:30,0.2700,0.0000,0.0000,0,24.7,18.8,88.6,70,2.2
14-Jun-22,3:00:00,14/06/2022   03:00,0.2770,0.0000,0.0000,0,24.6,18.8,88.9,65,2
14-Jun-22,3:30:00,14/06/2022   03:30,0.3810,0.0000,0.0000,0,24.5,19.7,89.1,62,1.9
14-Jun-22,4:00:00,14/06/2022   04:00,0.2630,0.0000,0.0000,0,24.4,20.5,89.4,61,1.9
14-Jun-22,4:30:00,14/06/2022   04:30,0.2230,0.0000,0.0000,0,24.3,21,89.4,61,2
14-Jun-22,5:00:00,14/06/2022   05:00,0.2380,0.0000,0.0000,0,24.3,22.5,89.3,60,2.1
14-Jun-22,5:30:00,14/06/2022   05:30,0.2400,0.0000,0.0000,0,24.3,19.5,89.2,60,2
14-Jun-22,6:00:00,14/06/2022   06:00,0.2030,0.0000,0.0000,0,24.3,17.8,89.2,62,1.7
14-Jun-22,6:30:00,14/06/2022   06:30,0.2530,0.0000,0.0000,0,24.3,17.3,89,70,1.4
14-Jun-22,7:00:00,14/06/2022   07:00,0.2260,0.0000,0.0000,0,24.3,8.5,88.5,92,1.1
14-Jun-22,7:30:00,14/06/2022   07:30,0.2510,0.0000,0.0294,18,24.5,4.8,87.7,132,0.9
14-Jun-22,8:00:00,14/06/2022   08:00,0.1460,0.0000,0.1404,86,25.1,10.2,86.7,173,1.3
14-Jun-22,8:30:00,14/06/2022   08:30,0.0440,0.0420,0.1273,78,25.7,59.6,85.3,187,1.9
14-Jun-22,9:00:00,14/06/2022   09:00,0.0920,0.0480,0.0963,59,26.2,81.5,83.5,192,2.2
14-Jun-22,9:30:00,14/06/2022   09:30,0.0120,0.2200,0.1861,114,26.6,73,83,194,2.6
14-Jun-22,10:00:00,14/06/2022   10:00,0.0610,0.0400,0.2073,127,26.7,75.5,83.5,194,3.1
14-Jun-22,10:30:00,14/06/2022   10:30,0.0640,0.0430,0.1175,72,26.8,88.5,83.5,194,3.3
14-Jun-22,11:00:00,14/06/2022   11:00,0.0000,1.0560,0.8161,500,26.9,29.4,83,193,3.2
14-Jun-22,11:30:00,14/06/2022   11:30,0.0000,1.2390,1.1719,718,26.9,6.7,82.5,193,3
14-Jun-22,12:00:00,14/06/2022   12:00,0.0320,0.9610,1.3024,798,26.9,3.4,82.1,195,2.5
14-Jun-22,12:30:00,14/06/2022   12:30,0.0000,1.1080,1.3269,813,27.1,6.3,80.2,193,2.3
14-Jun-22,13:00:00,14/06/2022   13:00,0.0000,1.2160,1.4265,874,27.5,1.9,77.1,187,2.1
14-Jun-22,13:30:00,14/06/2022   13:30,0.0000,1.2230,1.4493,888,28.1,1,74,184,2.2
14-Jun-22,14:00:00,14/06/2022   14:00,0.0000,1.3530,1.4444,885,28.7,0.1,70.8,183,2.4
14-Jun-22,14:30:00,14/06/2022   14:30,0.0000,1.3270,1.4004,858,29.1,0,68.8,182,2.4
14-Jun-22,15:00:00,14/06/2022   15:00,0.0000,1.1610,1.3285,814,29.3,0,67.9,181,2.4
14-Jun-22,15:30:00,14/06/2022   15:30,0.0000,1.0270,1.2306,754,29.3,0,67.6,180,2.4
14-Jun-22,16:00:00,14/06/2022   16:00,0.1500,0.0470,1.1098,680,29.2,0,67.9,178,2.5
14-Jun-22,16:30:00,14/06/2022   16:30,0.3270,0.1370,0.9678,593,29.2,0.1,68.1,174,2.4
14-Jun-22,17:00:00,14/06/2022   17:00,0.0000,0.2400,0.7801,478,29.1,4,68.3,168,2.2
14-Jun-22,17:30:00,14/06/2022   17:30,0.0000,0.1480,0.6186,379,28.8,3.1,69.8,164,2.1
14-Jun-22,18:00:00,14/06/2022   18:00,0.0350,0.0440,0.4586,281,28.5,0,72.8,163,1.9
14-Jun-22,18:30:00,14/06/2022   18:30,0.3330,0.0000,0.2807,172,28,0,75.2,159,1.7
14-Jun-22,19:00:00,14/06/2022   19:00,0.3800,0.0000,0.1077,66,27.3,9.5,77.2,149,1.7
14-Jun-22,19:30:00,14/06/2022   19:30,0.6280,0.0000,0.0082,5,26.8,45.2,78.7,135,1.8
14-Jun-22,20:00:00,14/06/2022   20:00,1.4300,0.0000,0.0000,0,26.5,25.3,79.7,120,2.2
14-Jun-22,20:30:00,14/06/2022   20:30,1.7230,0.0000,0.0000,0,26.3,22,80.3,115,2.3
14-Jun-22,21:00:00,14/06/2022   21:00,1.6110,0.0000,0.0000,0,26.2,20.8,80.5,117,2.2
14-Jun-22,21:30:00,14/06/2022   21:30,1.4770,0.0000,0.0000,0,26.1,23,80.7,117,2.1
14-Jun-22,22:00:00,14/06/2022   22:00,1.3440,0.0000,0.0000,0,26.1,26,80.8,116,2.1
14-Jun-22,22:30:00,14/06/2022   22:30,1.3650,0.0000,0.0000,0,26,23.7,81,114,2.1
14-Jun-22,23:00:00,14/06/2022   23:00,1.6670,0.0000,0.0000,0,26,20.1,81.1,111,2.1
14-Jun-22,23:30:00,14/06/2022   23:30,0.6160,0.0000,0.0000,0,25.9,19.4,81.2,107,2.1
15-Jun-22,0:00:00,15/06/2022   00:00,0.3920,0.0000,0.0000,0,25.9,21.2,81.3,102,2.2
15-Jun-22,0:30:00,15/06/2022   00:30,0.4400,0.0000,0.0000,0,25.7,22.9,81.8,99,2.2
15-Jun-22,1:00:00,15/06/2022   01:00,0.3000,0.0000,0.0000,0,25.6,18.2,82.7,99,2.1
15-Jun-22,1:30:00,15/06/2022   01:30,0.2780,0.0000,0.0000,0,25.4,18.9,83.1,98,2.1
15-Jun-22,2:00:00,15/06/2022   02:00,0.2880,0.0000,0.0000,0,25.2,25.8,83.1,99,2
15-Jun-22,2:30:00,15/06/2022   02:30,0.2300,0.0000,0.0000,0,25.1,25.7,83.3,97,1.9
15-Jun-22,3:00:00,15/06/2022   03:00,0.2690,0.0000,0.0000,0,25,36.1,83.8,94,1.8
15-Jun-22,3:30:00,15/06/2022   03:30,0.2740,0.0000,0.0000,0,24.8,34.1,85.1,88,1.6
15-Jun-22,4:00:00,15/06/2022   04:00,0.2420,0.0000,0.0000,0,24.4,42.8,87.1,78,1.4
15-Jun-22,4:30:00,15/06/2022   04:30,0.2950,0.0000,0.0000,0,24.2,47.2,88.5,71,1.3
15-Jun-22,5:00:00,15/06/2022   05:00,0.2090,0.0000,0.0000,0,24,25.9,89.5,69,1.4
15-Jun-22,5:30:00,15/06/2022   05:30,0.3040,0.0000,0.0000,0,23.9,22.7,89.9,71,1.4
15-Jun-22,6:00:00,15/06/2022   06:00,0.2930,0.0000,0.0000,0,23.9,25.3,89.6,75,1.4
15-Jun-22,6:30:00,15/06/2022   06:30,0.2950,0.0000,0.0000,0,23.9,24.1,89.6,76,1.4
15-Jun-22,7:00:00,15/06/2022   07:00,0.2880,0.0000,0.0000,0,23.9,20,89.9,76,1.3
15-Jun-22,7:30:00,15/06/2022   07:30,0.2750,0.0000,0.0294,18,24,6.9,89.8,75,1.2
15-Jun-22,8:00:00,15/06/2022   08:00,0.2330,0.0000,0.1616,99,24.3,0,89.5,75,1.1
15-Jun-22,8:30:00,15/06/2022   08:30,0.0270,0.0490,0.3248,199,24.8,1.6,88.5,81,1.1
15-Jun-22,9:00:00,15/06/2022   09:00,0.0130,0.0760,0.4668,286,25.4,9.2,87,90,1.2
15-Jun-22,9:30:00,15/06/2022   09:30,0.0000,0.5250,0.6806,417,26,1,85.6,111,1.2
15-Jun-22,10:00:00,15/06/2022   10:00,0.0000,0.6110,0.7834,480,26.7,8.4,84.2,144,1.3
15-Jun-22,10:30:00,15/06/2022   10:30,0.0000,0.6330,0.5876,360,27.3,41.5,82.2,162,1.8
15-Jun-22,11:00:00,15/06/2022   11:00,0.0980,0.0330,0.1257,77,27.8,88.8,79.5,171,2.5
15-Jun-22,11:30:00,15/06/2022   11:30,0.1980,0.0000,0.0457,28,28.2,96.4,76.8,173,2.7
15-Jun-22,12:00:00,15/06/2022   12:00,0.3600,0.0000,0.0424,26,28.5,96.9,74.2,173,2.6
15-Jun-22,12:30:00,15/06/2022   12:30,0.0750,0.0180,0.1534,94,28.7,89.3,72.5,171,2.5
15-Jun-22,13:00:00,15/06/2022   13:00,0.0820,0.0010,0.1045,64,28.9,92.8,71.6,168,2.5
15-Jun-22,13:30:00,15/06/2022   13:30,0.2070,0.0000,0.0571,35,28.9,96.1,71.8,172,2.4
15-Jun-22,14:00:00,15/06/2022   14:00,0.1920,0.0000,0.0881,54,28.7,93.9,73,184,2.3
15-Jun-22,14:30:00,15/06/2022   14:30,0.1820,0.0000,0.2334,143,28.7,83.2,73,192,2.3
15-Jun-22,15:00:00,15/06/2022   15:00,0.0160,0.0490,0.5794,355,28.8,56.3,71.8,198,2.3
15-Jun-22,15:30:00,15/06/2022   15:30,0.0150,0.2510,0.8373,513,28.8,31.4,70.9,202,2.2
15-Jun-22,16:00:00,15/06/2022   16:00,0.0000,0.6970,1.0348,634,28.8,6.6,70.3,206,2
15-Jun-22,16:30:00,15/06/2022   16:30,0.0000,0.5080,0.7116,436,28.6,26.5,70.6,207,1.7
15-Jun-22,17:00:00,15/06/2022   17:00,0.0000,0.4280,0.2530,155,28.3,69.3,71.9,205,1.4
15-Jun-22,17:30:00,15/06/2022   17:30,0.0230,0.0750,0.0767,47,28,87.9,73.4,204,1
15-Jun-22,18:00:00,15/06/2022   18:00,0.1520,0.0000,0.0245,15,27.7,94.6,74.9,210,0.6
15-Jun-22,18:30:00,15/06/2022   18:30,0.2330,0.0000,0.0277,17,27.3,89.4,76.3,230,0.1
15-Jun-22,19:00:00,15/06/2022   19:00,0.2770,0.0000,0.0277,17,27,73.2,77.5,31,0.4
15-Jun-22,19:30:00,15/06/2022   19:30,0.6810,0.0000,0.0082,5,26.6,49.5,78.3,52,0.7
15-Jun-22,20:00:00,15/06/2022   20:00,1.1550,0.0000,0.0000,0,26.3,84.2,78.7,78,1
15-Jun-22,20:30:00,15/06/2022   20:30,1.5950,0.0000,0.0000,0,26.1,67.4,79.3,86,1.3
15-Jun-22,21:00:00,15/06/2022   21:00,0.9360,0.0000,0.0000,0,26,49.3,80,86,1.5
15-Jun-22,21:30:00,15/06/2022   21:30,0.4750,0.0000,0.0000,0,25.9,56.4,80.8,87,1.8
15-Jun-22,22:00:00,15/06/2022   22:00,1.0180,0.0000,0.0000,0,25.7,42,81.8,89,2
15-Jun-22,22:30:00,15/06/2022   22:30,1.2690,0.0000,0.0000,0,25.6,24.7,82.7,90,2.2
15-Jun-22,23:00:00,15/06/2022   23:00,0.8300,0.0000,0.0000,0,25.4,27.3,83.6,91,2.3
15-Jun-22,23:30:00,15/06/2022   23:30,0.4290,0.0000,0.0000,0,25.3,34.7,84.2,91,2.4
16-Jun-22,0:00:00,16/06/2022   00:00,0.2970,0.0000,0.0000,0,25.2,24.3,84.6,89,2.5
16-Jun-22,0:30:00,16/06/2022   00:30,0.4360,0.0000,0.0000,0,25.1,24.2,85.1,86,2.6
16-Jun-22,1:00:00,16/06/2022   01:00,0.4210,0.0000,0.0000,0,24.9,22.3,85.7,81,2.6
16-Jun-22,1:30:00,16/06/2022   01:30,0.2550,0.0000,0.0000,0,24.9,27.2,85.9,79,2.5
16-Jun-22,2:00:00,16/06/2022   02:00,0.2500,0.0000,0.0000,0,24.9,37.4,85.6,79,2.3
16-Jun-22,2:30:00,16/06/2022   02:30,0.2750,0.0000,0.0000,0,24.7,35.8,86.1,78,2.1
16-Jun-22,3:00:00,16/06/2022   03:00,0.2560,0.0000,0.0000,0,24.5,26,87.2,75,1.9
16-Jun-22,3:30:00,16/06/2022   03:30,0.2910,0.0000,0.0000,0,24.4,20.6,87.7,77,1.7
16-Jun-22,4:00:00,16/06/2022   04:00,0.2430,0.0000,0.0000,0,24.4,20.6,87.6,85,1.7
16-Jun-22,4:30:00,16/06/2022   04:30,0.2130,0.0000,0.0000,0,24.5,22.7,87.7,85,1.7
16-Jun-22,5:00:00,16/06/2022   05:00,0.2270,0.0000,0.0000,0,24.5,27.3,87.8,77,1.8
16-Jun-22,5:30:00,16/06/2022   05:30,0.2370,0.0000,0.0000,0,24.4,27.9,87.9,74,1.8
16-Jun-22,6:00:00,16/06/2022   06:00,0.2250,0.0000,0.0000,0,24.4,25.4,88.1,76,1.6
16-Jun-22,6:30:00,16/06/2022   06:30,0.1990,0.0000,0.0000,0,24.4,23.5,88,78,1.4
16-Jun-22,7:00:00,16/06/2022   07:00,0.1870,0.0000,0.0000,0,24.4,28.6,87.7,79,1.3
16-Jun-22,7:30:00,16/06/2022   07:30,0.1340,0.0000,0.0245,15,24.5,19.5,87.3,77,1
16-Jun-22,8:00:00,16/06/2022   08:00,0.1530,0.0000,0.1485,91,24.8,7.8,86.8,72,0.7
16-Jun-22,8:30:00,16/06/2022   08:30,0.0110,0.1010,0.2921,179,25.2,10.5,86,49,0.6
16-Jun-22,9:00:00,16/06/2022   09:00,0.0000,0.3730,0.4766,292,25.7,6.9,85,23,0.8
16-Jun-22,9:30:00,16/06/2022   09:30,0.0000,0.5660,0.6741,413,26.2,1.7,83.8,1,0.9
16-Jun-22,10:00:00,16/06/2022   10:00,0.0000,0.6930,0.7867,482,26.7,7.5,82.4,334,1
16-Jun-22,10:30:00,16/06/2022   10:30,0.0060,0.2790,0.7263,445,27.1,27.8,80.9,306,1.4
16-Jun-22,11:00:00,16/06/2022   11:00,0.0000,0.7130,0.6382,391,27.6,44.3,79.1,289,2.2
16-Jun-22,11:30:00,16/06/2022   11:30,0.0000,0.9800,1.0250,628,27.9,18.8,77.9,284,2.8
16-Jun-22,12:00:00,16/06/2022   12:00,0.0170,0.9920,1.1816,724,28.1,12.4,77.1,282,3.2
16-Jun-22,12:30:00,16/06/2022   12:30,0.0000,1.0650,1.1882,728,28.2,16.1,76.3,281,3.6
16-Jun-22,13:00:00,16/06/2022   13:00,0.0000,1.0560,1.1637,713,28.4,19.9,75.5,280,4
16-Jun-22,13:30:00,16/06/2022   13:30,0.0000,0.8970,1.0674,654,28.6,27.2,74.1,278,4
16-Jun-22,14:00:00,16/06/2022   14:00,0.0520,0.6140,0.8210,503,29,43.3,72.1,276,3.8
16-Jun-22,14:30:00,16/06/2022   14:30,0.5360,0.0000,0.7508,460,29.2,46.3,70.7,275,3.5
16-Jun-22,15:00:00,16/06/2022   15:00,0.4700,0.0000,0.7459,457,29.4,43.9,69.7,276,3.2
16-Jun-22,15:30:00,16/06/2022   15:30,0.4750,0.0000,0.6953,426,29.4,43.5,69.1,275,2.8
16-Jun-22,16:00:00,16/06/2022   16:00,0.0260,0.4560,0.6300,386,29.4,43.2,68.9,271,2.5
16-Jun-22,16:30:00,16/06/2022   16:30,0.0000,0.4370,0.5696,349,29.3,41,69.8,275,2
16-Jun-22,17:00:00,16/06/2022   17:00,0.0000,0.4020,0.5337,327,28.9,34,71.8,293,1.4
16-Jun-22,17:30:00,16/06/2022   17:30,0.0000,0.2120,0.4227,259,28.3,33.7,75.1,329,1.4
16-Jun-22,18:00:00,16/06/2022   18:00,0.0020,0.0890,0.2367,145,27.3,48.8,79.7,355,2
16-Jun-22,18:30:00,16/06/2022   18:30,0.0750,0.0050,0.1453,89,26.6,50.1,83.7,8,2.5
16-Jun-22,19:00:00,16/06/2022   19:00,0.2430,0.0000,0.0441,27,26.1,55.8,86.8,17,2.8
16-Jun-22,19:30:00,16/06/2022   19:30,0.7720,0.0000,0.0082,5,25.8,48.6,88.1,25,2.7
16-Jun-22,20:00:00,16/06/2022   20:00,1.6370,0.0000,0.0000,0,25.8,68.4,87.5,36,2
16-Jun-22,20:30:00,16/06/2022   20:30,1.5250,0.0000,0.0000,0,25.8,84.5,86.7,49,1.8
16-Jun-22,21:00:00,16/06/2022   21:00,0.8800,0.0000,0.0000,0,25.8,81.4,85.7,60,1.7
16-Jun-22,21:30:00,16/06/2022   21:30,0.4040,0.0000,0.0000,0,25.8,88.5,85.3,70,1.9
16-Jun-22,22:00:00,16/06/2022   22:00,1.0850,0.0000,0.0000,0,25.7,89.8,85.3,77,2.2
16-Jun-22,22:30:00,16/06/2022   22:30,1.3340,0.0000,0.0000,0,25.7,87,85.3,84,2.5
16-Jun-22,23:00:00,16/06/2022   23:00,1.3690,0.0000,0.0000,0,25.7,84.1,85.2,89,2.8
16-Jun-22,23:30:00,16/06/2022   23:30,0.7470,0.0000,0.0000,0,25.6,81.3,85.7,92,3.2
17-Jun-22,0:00:00,17/06/2022   00:00,0.3650,0.0000,0.0000,0,25.5,82.4,86.7,93,3.6
17-Jun-22,0:30:00,17/06/2022   00:30,0.3290,0.0000,0.0000,0,25.2,82.3,87.8,94,3.9
17-Jun-22,1:00:00,17/06/2022   01:00,0.3110,0.0000,0.0000,0,25,85.9,88.8,94,4
17-Jun-22,1:30:00,17/06/2022   01:30,0.2870,0.0000,0.0000,0,24.8,87.7,89.5,93,3.8
17-Jun-22,2:00:00,17/06/2022   02:00,0.2830,0.0000,0.0000,0,24.7,87,89.9,91,3.3
17-Jun-22,2:30:00,17/06/2022   02:30,0.2900,0.0000,0.0000,0,24.6,85.2,90,90,2.8
17-Jun-22,3:00:00,17/06/2022   03:00,0.2760,0.0000,0.0000,0,24.7,88,89.9,92,2.3
17-Jun-22,3:30:00,17/06/2022   03:30,0.2940,0.0000,0.0000,0,24.7,72.7,89.4,106,1.8
17-Jun-22,4:00:00,17/06/2022   04:00,0.2970,0.0000,0.0000,0,24.8,77.7,88.9,139,1.6
17-Jun-22,4:30:00,17/06/2022   04:30,0.3190,0.0000,0.0000,0,25,84.6,88,153,1.7
17-Jun-22,5:00:00,17/06/2022   05:00,0.2640,0.0000,0.0000,0,25.2,82.8,87,151,1.6
17-Jun-22,5:30:00,17/06/2022   05:30,0.3570,0.0000,0.0000,0,25.3,80.6,86.7,136,1.5
17-Jun-22,6:00:00,17/06/2022   06:00,0.4080,0.0000,0.0000,0,25.1,78.2,87,107,1.5
17-Jun-22,6:30:00,17/06/2022   06:30,0.2420,0.0000,0.0000,0,25,67.6,87.4,86,1.5
17-Jun-22,7:00:00,17/06/2022   07:00,0.4100,0.0000,0.0000,0,24.8,67.7,88.1,64,1.3
17-Jun-22,7:30:00,17/06/2022   07:30,0.2660,0.0000,0.0261,16,24.7,30.5,88.4,53,1.3
17-Jun-22,8:00:00,17/06/2022   08:00,0.2040,0.0000,0.0849,52,24.9,45.4,88.4,57,1.2
17-Jun-22,8:30:00,17/06/2022   08:30,0.0660,0.0030,0.1812,111,25.2,45.3,87.8,63,1.2
17-Jun-22,9:00:00,17/06/2022   09:00,0.0070,0.0890,0.3166,194,25.6,38.3,86.4,69,1.3
17-Jun-22,9:30:00,17/06/2022   09:30,0.0000,0.3990,0.5304,325,26.2,23.5,84.4,79,1.3
17-Jun-22,10:00:00,17/06/2022   10:00,0.0000,0.5780,0.7361,451,26.8,13.7,81.9,93,1.3
17-Jun-22,10:30:00,17/06/2022   10:30,0.0000,0.7540,0.7818,479,27.4,22.4,79.3,106,1.2
17-Jun-22,11:00:00,17/06/2022   11:00,0.0000,0.5690,0.9597,588,28.1,16,76.5,124,0.9
17-Jun-22,11:30:00,17/06/2022   11:30,0.0820,0.2960,0.9254,567,28.7,26.5,74,149,0.8
17-Jun-22,12:00:00,17/06/2022   12:00,0.0000,0.3960,0.7377,452,29.1,45.1,71.8,176,0.8
17-Jun-22,12:30:00,17/06/2022   12:30,0.0000,0.3970,0.7606,466,29.4,46.2,70.5,185,1.1
17-Jun-22,13:00:00,17/06/2022   13:00,0.0000,0.6700,0.8764,537,29.5,39.6,69.9,184,1.6
17-Jun-22,13:30:00,17/06/2022   13:30,0.0550,0.5360,0.9580,587,29.3,34.4,71.3,183,2
17-Jun-22,14:00:00,17/06/2022   14:00,0.4580,0.1180,1.1980,734,28.9,16.9,74.6,183,2.5
17-Jun-22,14:30:00,17/06/2022   14:30,0.1040,0.9240,1.0788,661,28.6,22.8,77,182,2.8
17-Jun-22,15:00:00,17/06/2022   15:00,0.0000,0.2990,0.5892,361,28.4,55.7,78.3,181,3
17-Jun-22,15:30:00,17/06/2022   15:30,0.0010,0.1280,0.3117,191,28.1,74.5,79.4,177,2.9
17-Jun-22,16:00:00,17/06/2022   16:00,0.3950,0.0340,0.2562,157,27.8,77,80.5,169,2.7
17-Jun-22,16:30:00,17/06/2022   16:30,0.2400,0.0010,0.1518,93,27.7,84.4,80.8,163,2.6
17-Jun-22,17:00:00,17/06/2022   17:00,0.0780,0.0010,0.0441,27,27.6,94.6,80.5,159,2.5
17-Jun-22,17:30:00,17/06/2022   17:30,0.0920,0.0000,0.0506,31,27.5,92.3,80.9,153,2.4
17-Jun-22,18:00:00,17/06/2022   18:00,0.1740,0.0000,0.0196,12,27.3,95.9,82,144,2.1
17-Jun-22,18:30:00,17/06/2022   18:30,0.2000,0.0000,0.0375,23,27.1,85.8,82.5,136,2.1
17-Jun-22,19:00:00,17/06/2022   19:00,0.8770,0.0000,0.0131,8,26.7,88,82.5,129,2.2
17-Jun-22,19:30:00,17/06/2022   19:30,0.6180,0.0000,0.0082,5,26.4,65.2,82.9,121,2.1
17-Jun-22,20:00:00,17/06/2022   20:00,1.2490,0.0000,0.0000,0,26,92.1,83.5,109,1.9
17-Jun-22,20:30:00,17/06/2022   20:30,1.3410,0.0000,0.0000,0,25.8,72.2,84,99,1.8
17-Jun-22,21:00:00,17/06/2022   21:00,0.7920,0.0000,0.0000,0,25.7,67.4,84.2,95,1.8
17-Jun-22,21:30:00,17/06/2022   21:30,0.4230,0.0000,0.0000,0,25.6,55.9,84.7,90,1.9
17-Jun-22,22:00:00,17/06/2022   22:00,0.4020,0.0000,0.0000,0,25.4,43.2,85.3,84,1.9
17-Jun-22,22:30:00,17/06/2022   22:30,0.3660,0.0000,0.0000,0,25.3,62.1,86,77,1.9
17-Jun-22,23:00:00,17/06/2022   23:00,0.5710,0.0000,0.0000,0,25.1,58.7,86.9,69,1.9
17-Jun-22,23:30:00,17/06/2022   23:30,0.5900,0.0000,0.0000,0,25,46.1,87.7,61,2
18-Jun-22,0:00:00,18/06/2022   00:00,0.3080,0.0000,0.0000,0,24.8,30.9,88.4,54,2.1
18-Jun-22,0:30:00,18/06/2022   00:30,0.4550,0.0000,0.0000,0,24.7,23.7,89.1,49,2.2
18-Jun-22,1:00:00,18/06/2022   01:00,0.2570,0.0000,0.0000,0,24.5,22.4,89.7,46,2.2
18-Jun-22,1:30:00,18/06/2022   01:30,0.2720,0.0000,0.0000,0,24.5,20.3,89.8,44,2.2
18-Jun-22,2:00:00,18/06/2022   02:00,0.2620,0.0000,0.0000,0,24.6,29.5,89.5,44,2
18-Jun-22,2:30:00,18/06/2022   02:30,0.2560,0.0000,0.0000,0,24.6,45.7,89.4,42,1.7
18-Jun-22,3:00:00,18/06/2022   03:00,0.2130,0.0000,0.0000,0,24.6,50.7,89.6,38,1.2
18-Jun-22,3:30:00,18/06/2022   03:30,0.2590,0.0000,0.0000,0,24.6,61.8,89.4,14,0.9
18-Jun-22,4:00:00,18/06/2022   04:00,0.2210,0.0000,0.0000,0,24.7,61.8,88.7,335,1.1
18-Jun-22,4:30:00,18/06/2022   04:30,0.2210,0.0000,0.0000,0,24.7,64,88.2,323,1.3
18-Jun-22,5:00:00,18/06/2022   05:00,0.2210,0.0000,0.0000,0,24.7,54.3,87.9,324,1.2
18-Jun-22,5:30:00,18/06/2022   05:30,0.2000,0.0000,0.0000,0,24.7,56.8,87.7,325,1.3
18-Jun-22,6:00:00,18/06/2022   06:00,0.2660,0.0000,0.0000,0,24.8,63.2,87.3,325,1.5
18-Jun-22,6:30:00,18/06/2022   06:30,0.1990,0.0000,0.0000,0,24.8,61.4,87.1,323,1.6
18-Jun-22,7:00:00,18/06/2022   07:00,0.2340,0.0000,0.0000,0,24.7,54.6,87,320,1.7
18-Jun-22,7:30:00,18/06/2022   07:30,0.2150,0.0000,0.0245,15,24.8,24.7,87,317,1.7
18-Jun-22,8:00:00,18/06/2022   08:00,0.1700,0.0000,0.0637,39,25,56.5,87.1,316,1.6
18-Jun-22,8:30:00,18/06/2022   08:30,0.0760,0.0140,0.1208,74,25.3,64.6,86.2,311,1.4
18-Jun-22,9:00:00,18/06/2022   09:00,0.0010,0.2430,0.4864,298,25.8,3.9,84.5,302,1.2
18-Jun-22,9:30:00,18/06/2022   09:30,0.0090,0.1600,0.6447,395,26.3,5.2,82.3,295,1.3
18-Jun-22,10:00:00,18/06/2022   10:00,0.0000,0.6870,0.8487,520,27,0,79.7,293,1.5
18-Jun-22,10:30:00,18/06/2022   10:30,0.0000,0.8320,1.0037,615,27.6,0.1,77.3,291,1.6
18-Jun-22,11:00:00,18/06/2022   11:00,0.0000,0.9770,1.0201,625,28,10.4,75.1,288,1.6
18-Jun-22,11:30:00,18/06/2022   11:30,0.0000,1.0780,1.1327,694,28.5,9.7,73.1,284,1.6
18-Jun-22,12:00:00,18/06/2022   12:00,0.0000,1.1460,1.1702,717,28.8,13.2,71.1,277,1.6
18-Jun-22,12:30:00,18/06/2022   12:30,0.0000,1.3310,1.2567,770,29.2,11.1,69.5,264,1.6
18-Jun-22,13:00:00,18/06/2022   13:00,0.0000,1.1480,1.2110,742,29.5,16.5,68.3,248,1.8
18-Jun-22,13:30:00,18/06/2022   13:30,0.2790,0.3140,1.2127,743,29.6,17,68.2,237,2
18-Jun-22,14:00:00,18/06/2022   14:00,0.1270,0.2460,1.2110,742,29.7,16.1,69,227,2.1
18-Jun-22,14:30:00,18/06/2022   14:30,0.5850,0.0240,1.0397,637,29.6,25.6,70.1,216,2.2
18-Jun-22,15:00:00,18/06/2022   15:00,0.1240,0.1420,1.1327,694,29.5,14.4,71.2,205,2.3
18-Jun-22,15:30:00,18/06/2022   15:30,0.4010,0.0250,1.1376,697,29.3,7.4,72.5,200,2.3
18-Jun-22,16:00:00,18/06/2022   16:00,0.6070,0.0010,0.8715,534,29.1,21.2,73.9,200,2.2
18-Jun-22,16:30:00,18/06/2022   16:30,0.5800,0.0000,0.8650,530,28.7,10.6,76.1,195,2.1
18-Jun-22,17:00:00,18/06/2022   17:00,0.4430,0.0360,0.4668,286,28.1,43.2,79.2,186,2.2
18-Jun-22,17:30:00,18/06/2022   17:30,0.0230,0.0410,0.1518,93,27.4,75.9,82.5,176,2.2
18-Jun-22,18:00:00,18/06/2022   18:00,0.0520,0.0110,0.1599,98,26.4,64.8,86,164,2.1
18-Jun-22,18:30:00,18/06/2022   18:30,0.1620,0.0000,0.0277,17,25.8,91,87.6,154,1.8
18-Jun-22,19:00:00,18/06/2022   19:00,0.3330,0.0000,0.0131,8,25.7,87.3,87.4,138,1.1
18-Jun-22,19:30:00,18/06/2022   19:30,0.5860,0.0000,0.0065,4,25.5,62.1,87.6,109,0.9
18-Jun-22,20:00:00,18/06/2022   20:00,0.8780,0.0000,0.0000,0,25.4,93.5,88.4,94,1.3
18-Jun-22,20:30:00,18/06/2022   20:30,0.3450,0.0000,0.0000,0,25.3,93.3,88.7,73,1.6
18-Jun-22,21:00:00,18/06/2022   21:00,0.3860,0.0000,0.0000,0,25.3,94.4,88.5,49,2.1
18-Jun-22,21:30:00,18/06/2022   21:30,0.3900,0.0000,0.0000,0,25.2,91.6,88.5,37,2.4
18-Jun-22,22:00:00,18/06/2022   22:00,0.3800,0.0000,0.0000,0,25.1,89,88.8,29,2.3
18-Jun-22,22:30:00,18/06/2022   22:30,0.3540,0.0000,0.0000,0,25,90.9,89,21,2.3
18-Jun-22,23:00:00,18/06/2022   23:00,0.3680,0.0000,0.0000,0,24.9,87.1,89.2,12,2.2
18-Jun-22,23:30:00,18/06/2022   23:30,0.3930,0.0000,0.0000,0,24.8,85.4,89.4,9,2.2
19-Jun-22,0:00:00,19/06/2022   00:00,0.3750,0.0000,0.0000,0,24.7,69.5,89.5,10,2.2
19-Jun-22,0:30:00,19/06/2022   00:30,0.4980,0.0000,0.0000,0,24.6,36.5,89.1,8,2.1
19-Jun-22,1:00:00,19/06/2022   01:00,0.5060,0.0000,0.0000,0,24.6,33.2,88.3,1,1.9
19-Jun-22,1:30:00,19/06/2022   01:30,0.2520,0.0000,0.0000,0,24.6,26.1,88.2,350,1.9
19-Jun-22,2:00:00,19/06/2022   02:00,0.2750,0.0000,0.0000,0,24.4,25.3,88.7,338,2.2
19-Jun-22,2:30:00,19/06/2022   02:30,0.2630,0.0000,0.0000,0,24.3,23.4,89.2,329,2.5
19-Jun-22,3:00:00,19/06/2022   03:00,0.2750,0.0000,0.0000,0,24.1,20.2,89.8,323,2.6
19-Jun-22,3:30:00,19/06/2022   03:30,0.2610,0.0000,0.0000,0,24,19.9,90.3,317,2.8
19-Jun-22,4:00:00,19/06/2022   04:00,0.2810,0.0000,0.0000,0,23.8,19.2,90.7,314,3.1
19-Jun-22,4:30:00,19/06/2022   04:30,0.2500,0.0000,0.0000,0,23.7,17.5,91.1,309,3.3
19-Jun-22,5:00:00,19/06/2022   05:00,0.2260,0.0000,0.0000,0,23.6,18.2,91.4,304,3.4
19-Jun-22,5:30:00,19/06/2022   05:30,0.2270,0.0000,0.0000,0,23.6,17.7,91.5,301,3.5
19-Jun-22,6:00:00,19/06/2022   06:00,0.2240,0.0000,0.0000,0,23.6,15.3,91.4,300,3.6
19-Jun-22,6:30:00,19/06/2022   06:30,0.2430,0.0000,0.0000,0,23.5,13.4,91.4,300,3.7
19-Jun-22,7:00:00,19/06/2022   07:00,0.1680,0.0000,0.0000,0,23.5,13.8,91.5,303,4
19-Jun-22,7:30:00,19/06/2022   07:30,0.2030,0.0000,0.0261,16,23.8,6.5,90.8,306,3.9
19-Jun-22,8:00:00,19/06/2022   08:00,0.0680,0.0090,0.1502,92,24.5,0,89.5,313,3.6
19-Jun-22,8:30:00,19/06/2022   08:30,0.0110,0.0380,0.3166,194,25.1,0,87.9,317,3.4
19-Jun-22,9:00:00,19/06/2022   09:00,0.0400,0.0240,0.4962,304,25.7,0,86.1,318,3.5
19-Jun-22,9:30:00,19/06/2022   09:30,0.0000,0.5560,0.6741,413,26.4,0,83.5,317,3.6
19-Jun-22,10:00:00,19/06/2022   10:00,0.0000,0.6750,0.8422,516,27.1,0,80.3,314,3.6
19-Jun-22,10:30:00,19/06/2022   10:30,0.0000,0.9170,0.9972,611,27.8,0,77.4,310,3.7
19-Jun-22,11:00:00,19/06/2022   11:00,0.0000,1.1110,1.1017,675,28.5,2.8,74.8,306,3.8
19-Jun-22,11:30:00,19/06/2022   11:30,0.0050,0.8860,1.1098,680,28.7,11.2,74.5,301,3.7
19-Jun-22,12:00:00,19/06/2022   12:00,0.0570,0.7280,1.1115,681,28.6,17.1,76.4,295,3.6
19-Jun-22,12:30:00,19/06/2022   12:30,0.0010,0.6820,1.1115,681,28.6,21.1,77.1,290,3.6
19-Jun-22,13:00:00,19/06/2022   13:00,0.0470,1.1820,1.3302,815,28.7,8.1,76.6,288,3.7
19-Jun-22,13:30:00,19/06/2022   13:30,0.0220,0.4020,1.3971,856,28.9,4.2,75.6,285,3.9
19-Jun-22,14:00:00,19/06/2022   14:00,0.0000,0.3280,1.4085,863,29.1,2.4,74,283,4.4
19-Jun-22,14:30:00,19/06/2022   14:30,0.0490,0.3060,1.2616,773,29.2,9.9,72.9,282,4.6
19-Jun-22,15:00:00,19/06/2022   15:00,0.2800,0.1510,1.0870,666,29.3,18,72.1,282,4.8
19-Jun-22,15:30:00,19/06/2022   15:30,0.3730,0.0960,1.0674,654,29.3,13.1,71.7,285,4.9
19-Jun-22,16:00:00,19/06/2022   16:00,0.1890,0.3630,1.1017,675,29.3,0.7,71.6,289,4.9
19-Jun-22,16:30:00,19/06/2022   16:30,0.0000,0.4690,0.9499,582,29.1,2,72.1,291,4.8
19-Jun-22,17:00:00,19/06/2022   17:00,0.0000,0.3760,0.6904,423,29,14.9,73.1,292,4.6
19-Jun-22,17:30:00,19/06/2022   17:30,0.0000,0.2590,0.4880,299,28.6,24.3,75,292,4.5
19-Jun-22,18:00:00,19/06/2022   18:00,0.0470,0.0860,0.3166,194,28.1,30.8,77.7,289,4.4
19-Jun-22,18:30:00,19/06/2022   18:30,0.4690,0.0000,0.2628,161,27.6,5.4,79.9,288,4.2
19-Jun-22,19:00:00,19/06/2022   19:00,0.4090,0.0000,0.1159,71,27.1,1.1,81.5,287,3.9
19-Jun-22,19:30:00,19/06/2022   19:30,1.3620,0.0000,0.0114,7,26.8,12.6,82.1,286,3.7
19-Jun-22,20:00:00,19/06/2022   20:00,1.5280,0.0000,0.0000,0,26.7,20.7,81.6,285,3.5
19-Jun-22,20:30:00,19/06/2022   20:30,1.4980,0.0000,0.0000,0,26.6,22,81.4,287,3.5
19-Jun-22,21:00:00,19/06/2022   21:00,1.3910,0.0000,0.0000,0,26.6,21.3,81.4,293,3.5
19-Jun-22,21:30:00,19/06/2022   21:30,1.3380,0.0000,0.0000,0,26.5,30.4,81.4,298,3.4
19-Jun-22,22:00:00,19/06/2022   22:00,1.1590,0.0000,0.0000,0,26.5,37.1,81.4,304,3.3
19-Jun-22,22:30:00,19/06/2022   22:30,0.6030,0.0000,0.0000,0,26.5,25.3,81.9,309,3.2
19-Jun-22,23:00:00,19/06/2022   23:00,0.4880,0.0000,0.0000,0,26.3,30.2,82.9,314,3.1
19-Jun-22,23:30:00,19/06/2022   23:30,0.3720,0.0000,0.0000,0,26.1,44.9,83.6,315,3
20-Jun-22,0:00:00,20/06/2022   00:00,0.3930,0.0000,0.0000,0,25.9,58.7,84,315,2.8
20-Jun-22,0:30:00,20/06/2022   00:30,0.5010,0.0000,0.0000,0,25.8,63.2,84.4,316,2.8
20-Jun-22,1:00:00,20/06/2022   01:00,0.2970,0.0000,0.0000,0,25.7,62.4,84.9,320,2.8
20-Jun-22,1:30:00,20/06/2022   01:30,0.2930,0.0000,0.0000,0,25.6,21.6,84.9,322,2.8
20-Jun-22,2:00:00,20/06/2022   02:00,0.3450,0.0000,0.0000,0,25.6,19.5,84.7,322,2.7
20-Jun-22,2:30:00,20/06/2022   02:30,0.3130,0.0000,0.0000,0,25.5,19.8,84.8,326,2.5
20-Jun-22,3:00:00,20/06/2022   03:00,0.2980,0.0000,0.0000,0,25.4,51.9,85.1,335,2.3
20-Jun-22,3:30:00,20/06/2022   03:30,0.2760,0.0000,0.0000,0,25.3,56.4,85.1,341,2
20-Jun-22,4:00:00,20/06/2022   04:00,0.2760,0.0000,0.0000,0,25.3,43.1,84.8,346,1.7
20-Jun-22,4:30:00,20/06/2022   04:30,0.2400,0.0000,0.0000,0,25.2,52.8,84.4,349,1.3
20-Jun-22,5:00:00,20/06/2022   05:00,0.2290,0.0000,0.0000,0,25.2,62.5,84,351,0.8
20-Jun-22,5:30:00,20/06/2022   05:30,0.2910,0.0000,0.0000,0,25.2,74.1,83.4,338,0.4
20-Jun-22,6:00:00,20/06/2022   06:00,0.2480,0.0000,0.0000,0,25.3,92.4,82.8,288,0.3
20-Jun-22,6:30:00,20/06/2022   06:30,0.2750,0.0000,0.0000,0,25.2,89.4,83.6,217,0.8
20-Jun-22,7:00:00,20/06/2022   07:00,0.2390,0.0000,0.0000,0,25,76,85.9,199,1.9
20-Jun-22,7:30:00,20/06/2022   07:30,0.2330,0.0000,0.0065,4,24.8,61.2,88.1,194,3
20-Jun-22,8:00:00,20/06/2022   08:00,0.2640,0.0000,0.0098,6,24.6,93,90.2,191,3.9
20-Jun-22,8:30:00,20/06/2022   08:30,0.2530,0.0000,0.0114,7,24.7,96.5,90.9,191,4.4
20-Jun-22,9:00:00,20/06/2022   09:00,0.1940,0.0000,0.0196,12,25,96.1,90.3,191,4.4
20-Jun-22,9:30:00,20/06/2022   09:30,0.1420,0.0000,0.0228,14,25.3,96.7,89.5,192,4.2
20-Jun-22,10:00:00,20/06/2022   10:00,0.0610,0.0060,0.0343,21,25.5,96.1,88.6,193,4.1
20-Jun-22,10:30:00,20/06/2022   10:30,0.0020,0.1930,0.2709,166,25.7,73.2,87.6,197,3.8
20-Jun-22,11:00:00,20/06/2022   11:00,0.0000,0.5530,0.4929,302,25.8,56.5,86.6,202,3.6
20-Jun-22,11:30:00,20/06/2022   11:30,0.0000,0.6900,0.6969,427,25.9,44.2,85.5,207,3.4
20-Jun-22,12:00:00,20/06/2022   12:00,0.0690,0.6860,0.9221,565,26,31.3,84.2,209,3.3
20-Jun-22,12:30:00,20/06/2022   12:30,0.0000,1.0950,1.1539,707,26.1,18,83.3,211,3.4
20-Jun-22,13:00:00,20/06/2022   13:00,0.0000,1.0870,1.2143,744,26.2,16.1,82.8,212,3.7
20-Jun-22,13:30:00,20/06/2022   13:30,0.0000,0.8820,1.3106,803,26.4,10.3,80.9,215,3.5
20-Jun-22,14:00:00,20/06/2022   14:00,0.0000,0.9360,1.2698,778,26.8,12.2,78,222,2.9
20-Jun-22,14:30:00,20/06/2022   14:30,0.0000,0.6910,1.1098,680,27.1,20.9,76.2,228,2.7
20-Jun-22,15:00:00,20/06/2022   15:00,0.0000,0.7720,0.9809,601,27.2,26.4,75.3,232,2.6
20-Jun-22,15:30:00,20/06/2022   15:30,0.0000,0.8910,0.9744,597,27.3,21.1,74.7,233,2.6
20-Jun-22,16:00:00,20/06/2022   16:00,0.0000,0.7460,0.8536,523,27.4,23.5,74.3,232,2.6
20-Jun-22,16:30:00,20/06/2022   16:30,0.0880,0.4170,0.8291,508,27.4,15.1,74,228,2.5
20-Jun-22,17:00:00,20/06/2022   17:00,0.6460,0.0000,0.6218,381,27.5,24,73.8,220,2.3
20-Jun-22,17:30:00,20/06/2022   17:30,0.4240,0.0480,0.5517,338,27.4,14.8,74.5,213,2.2
20-Jun-22,18:00:00,20/06/2022   18:00,0.0060,0.0620,0.3395,208,27.1,28,75.9,205,2.2
20-Jun-22,18:30:00,20/06/2022   18:30,0.2930,0.0010,0.1371,84,26.7,53.1,77.7,201,2.1
20-Jun-22,19:00:00,20/06/2022   19:00,0.3920,0.0000,0.0457,28,26.2,61.1,79.9,201,1.9
20-Jun-22,19:30:00,20/06/2022   19:30,0.7200,0.0000,0.0082,5,25.8,50.7,81.2,204,1.6
20-Jun-22,20:00:00,20/06/2022   20:00,1.3590,0.0000,0.0000,0,25.4,73.6,81.7,214,1.4
20-Jun-22,20:30:00,20/06/2022   20:30,1.4610,0.0000,0.0000,0,25.2,71.1,82,221,1.2
20-Jun-22,21:00:00,20/06/2022   21:00,1.6270,0.0000,0.0000,0,25.1,67.7,82,227,0.9
20-Jun-22,21:30:00,20/06/2022   21:30,1.3230,0.0000,0.0000,0,25.1,62.9,82.1,228,0.7
20-Jun-22,22:00:00,20/06/2022   22:00,1.3200,0.0000,0.0000,0,25,64.1,82.5,221,0.6
20-Jun-22,22:30:00,20/06/2022   22:30,1.2040,0.0000,0.0000,0,25,44.3,82.7,216,0.6
20-Jun-22,23:00:00,20/06/2022   23:00,0.7250,0.0000,0.0000,0,24.9,30.8,82.7,217,0.7
20-Jun-22,23:30:00,20/06/2022   23:30,0.6550,0.0000,0.0000,0,24.9,48.7,82.7,224,0.8
21-Jun-22,0:00:00,21/06/2022   00:00,0.3970,0.0000,0.0000,0,24.9,52.8,82.6,238,0.8
21-Jun-22,0:30:00,21/06/2022   00:30,0.5090,0.0000,0.0000,0,24.9,53.9,82.9,252,0.7
21-Jun-22,1:00:00,21/06/2022   01:00,0.4910,0.0000,0.0000,0,24.8,51.8,83.4,271,0.5
21-Jun-22,1:30:00,21/06/2022   01:30,0.2840,0.0000,0.0000,0,24.7,48.5,83.6,286,0.5
21-Jun-22,2:00:00,21/06/2022   02:00,0.2780,0.0000,0.0000,0,24.7,44.7,83.5,287,0.7
21-Jun-22,2:30:00,21/06/2022   02:30,0.2300,0.0000,0.0000,0,24.7,47,83.9,286,0.9
21-Jun-22,3:00:00,21/06/2022   03:00,0.2760,0.0000,0.0000,0,24.6,46.1,84.8,284,1.2
21-Jun-22,3:30:00,21/06/2022   03:30,0.2740,0.0000,0.0000,0,24.5,40.6,85.4,285,1.2
21-Jun-22,4:00:00,21/06/2022   04:00,0.2620,0.0000,0.0000,0,24.6,50.9,85.6,286,1.1
21-Jun-22,4:30:00,21/06/2022   04:30,0.2740,0.0000,0.0000,0,24.5,58.8,86,289,0.9
21-Jun-22,5:00:00,21/06/2022   05:00,0.2010,0.0000,0.0000,0,24.5,48.9,86.5,294,0.6
21-Jun-22,5:30:00,21/06/2022   05:30,0.2680,0.0000,0.0000,0,24.5,22.6,86.8,313,0.4
21-Jun-22,6:00:00,21/06/2022   06:00,0.2940,0.0000,0.0000,0,24.4,17.1,86.8,339,0.5
21-Jun-22,6:30:00,21/06/2022   06:30,0.2680,0.0000,0.0000,0,24.4,14.2,87.1,355,0.6
21-Jun-22,7:00:00,21/06/2022   07:00,0.2680,0.0000,0.0000,0,24.3,14,87.5,4,0.7
21-Jun-22,7:30:00,21/06/2022   07:30,0.2570,0.0000,0.0261,16,24.4,6.4,87.4,354,0.8
21-Jun-22,8:00:00,21/06/2022   08:00,0.1830,0.0000,0.1551,95,24.8,0,86.6,337,1.1
21-Jun-22,8:30:00,21/06/2022   08:30,0.0160,0.0840,0.3232,198,25.4,0,84.9,320,1.3
21-Jun-22,9:00:00,21/06/2022   09:00,0.0000,0.3150,0.5027,308,26.1,0,82.3,300,1.4
21-Jun-22,9:30:00,21/06/2022   09:30,0.0000,0.3880,0.6790,416,26.8,0.2,80.3,282,1.7
21-Jun-22,10:00:00,21/06/2022   10:00,0.0010,0.5050,0.8063,494,27.4,4.9,78.7,268,2.1
21-Jun-22,10:30:00,21/06/2022   10:30,0.0000,0.9050,0.9336,572,27.9,6.7,77.2,259,2.6
21-Jun-22,11:00:00,21/06/2022   11:00,0.0000,0.4860,0.8993,551,28.2,21.1,75.8,253,3
21-Jun-22,11:30:00,21/06/2022   11:30,0.0000,1.2000,1.1229,688,28.4,10.5,74.7,251,3.1
21-Jun-22,12:00:00,21/06/2022   12:00,0.0590,1.0910,1.1980,734,28.5,10.9,73.9,250,3
21-Jun-22,12:30:00,21/06/2022   12:30,0.0000,0.8510,0.9172,562,28.7,35,73,252,2.9
21-Jun-22,13:00:00,21/06/2022   13:00,0.0000,0.3900,0.5304,325,28.9,63.5,71.8,255,2.8
21-Jun-22,13:30:00,21/06/2022   13:30,0.0000,0.4390,0.3738,229,28.9,74.4,71.7,253,2.7
21-Jun-22,14:00:00,21/06/2022   14:00,0.0000,0.3070,0.2889,177,28.7,80,72.6,246,2.5
21-Jun-22,14:30:00,21/06/2022   14:30,0.0000,0.1940,0.2693,165,28.6,80.8,73.4,239,2.4
21-Jun-22,15:00:00,21/06/2022   15:00,0.0000,0.1880,0.3525,216,28.4,73.4,74.2,232,2.3
21-Jun-22,15:30:00,21/06/2022   15:30,0.0000,0.3150,0.4146,254,28.3,66.4,74.5,227,2.1
21-Jun-22,16:00:00,21/06/2022   16:00,0.0010,0.3210,0.4407,270,28.3,60.4,74.4,222,1.9
21-Jun-22,16:30:00,21/06/2022   16:30,0.0000,0.1850,0.2660,163,28.3,72.8,74.4,214,1.7
21-Jun-22,17:00:00,21/06/2022   17:00,0.0000,0.0880,0.2220,136,28.2,72.8,74.4,202,1.5
21-Jun-22,17:30:00,21/06/2022   17:30,0.0300,0.0690,0.1665,102,28.1,73.9,75.2,187,1.5
21-Jun-22,18:00:00,21/06/2022   18:00,0.0200,0.0070,0.1812,111,28,59.9,76.9,171,1.7
21-Jun-22,18:30:00,21/06/2022   18:30,0.0740,0.0000,0.1583,97,27.6,45.5,78.5,159,1.8
21-Jun-22,19:00:00,21/06/2022   19:00,0.2120,0.0000,0.0506,31,27.1,58,80.2,149,1.9
21-Jun-22,19:30:00,21/06/2022   19:30,1.2430,0.0000,0.0098,6,26.7,51.8,80.9,144,1.8
21-Jun-22,20:00:00,21/06/2022   20:00,0.5630,0.0000,0.0000,0,26.3,59.2,80.8,144,1.6
21-Jun-22,20:30:00,21/06/2022   20:30,1.6010,0.0000,0.0000,0,26.1,64.4,80.8,141,1.4
21-Jun-22,21:00:00,21/06/2022   21:00,1.4610,0.0000,0.0000,0,26,66.1,81.1,135,1.2
21-Jun-22,21:30:00,21/06/2022   21:30,1.2800,0.0000,0.0000,0,25.9,68.1,81.4,121,1.1
21-Jun-22,22:00:00,21/06/2022   22:00,1.2580,0.0000,0.0000,0,25.8,62.2,81.9,99,1.1
21-Jun-22,22:30:00,21/06/2022   22:30,1.2730,0.0000,0.0000,0,25.7,47.5,82.5,88,1.2
21-Jun-22,23:00:00,21/06/2022   23:00,0.9570,0.0000,0.0000,0,25.6,46.2,83.1,83,1.2
21-Jun-22,23:30:00,21/06/2022   23:30,0.5990,0.0000,0.0000,0,25.5,38,83.8,80,1.1
22-Jun-22,0:00:00,22/06/2022   00:00,0.3050,0.0000,0.0000,0,25.4,35,84.6,77,1
22-Jun-22,0:30:00,22/06/2022   00:30,0.3500,0.0000,0.0000,0,25.2,23.3,85.3,77,0.9
22-Jun-22,1:00:00,22/06/2022   01:00,0.3300,0.0000,0.0000,0,25,25.1,86.2,78,0.7
22-Jun-22,1:30:00,22/06/2022   01:30,0.2850,0.0000,0.0000,0,25,25,86.7,83,0.3
22-Jun-22,2:00:00,22/06/2022   02:00,0.2580,0.0000,0.0000,0,25,23.9,87,241,0.2
22-Jun-22,2:30:00,22/06/2022   02:30,0.2460,0.0000,0.0000,0,24.9,33.3,87.5,231,1.1
22-Jun-22,3:00:00,22/06/2022   03:00,0.2850,0.0000,0.0000,0,24.8,68.9,88.4,224,2.4
22-Jun-22,3:30:00,22/06/2022   03:30,0.2770,0.0000,0.0000,0,24.7,89.8,89.5,225,3.5
22-Jun-22,4:00:00,22/06/2022   04:00,0.3250,0.0000,0.0000,0,24.5,92.9,90.9,228,4.3
22-Jun-22,4:30:00,22/06/2022   04:30,0.3480,0.0000,0.0000,0,24.4,91.5,92.1,233,4.6
22-Jun-22,5:00:00,22/06/2022   05:00,0.3040,0.0000,0.0000,0,24.3,90.9,92.8,243,4.6
22-Jun-22,5:30:00,22/06/2022   05:30,0.2610,0.0000,0.0000,0,24.2,85.8,93.3,251,4.4
22-Jun-22,6:00:00,22/06/2022   06:00,0.3040,0.0000,0.0000,0,24.1,76.3,93.5,259,4
22-Jun-22,6:30:00,22/06/2022   06:30,0.2520,0.0000,0.0000,0,24,74,93.7,261,3.8
22-Jun-22,7:00:00,22/06/2022   07:00,0.2380,0.0000,0.0000,0,23.9,56.6,94,255,3.6
22-Jun-22,7:30:00,22/06/2022   07:30,0.2130,0.0000,0.0196,12,24,28.2,93.7,261,3.3
22-Jun-22,8:00:00,22/06/2022   08:00,0.1610,0.0000,0.1110,68,24.2,31.3,92.7,280,3
22-Jun-22,8:30:00,22/06/2022   08:30,0.0280,0.0370,0.2497,153,24.4,23.7,91.4,293,2.9
22-Jun-22,9:00:00,22/06/2022   09:00,0.0000,0.3900,0.4097,251,24.8,19.1,89.7,300,2.7
22-Jun-22,9:30:00,22/06/2022   09:30,0.0000,0.7050,0.5941,364,25.1,13.2,87.6,305,2.6
22-Jun-22,10:00:00,22/06/2022   10:00,0.0000,0.7190,0.7165,439,25.5,16.1,85.2,309,2.7
22-Jun-22,10:30:00,22/06/2022   10:30,0.0000,0.7240,0.8389,514,26,17,81.5,307,2.5
22-Jun-22,11:00:00,22/06/2022   11:00,0.0000,1.3210,1.1245,689,26.6,2.1,76.9,297,2.1
22-Jun-22,11:30:00,22/06/2022   11:30,0.0140,1.1040,1.2486,765,27.2,1.1,73.7,282,1.9
22-Jun-22,12:00:00,22/06/2022   12:00,0.0280,0.9020,1.1392,698,27.6,15.8,71.9,266,2.1
22-Jun-22,12:30:00,22/06/2022   12:30,0.0000,0.7270,0.9825,602,27.9,31,70.6,256,2.3
22-Jun-22,13:00:00,22/06/2022   13:00,0.0000,0.6320,0.9548,585,28.1,34.7,69.9,250,2.5
22-Jun-22,13:30:00,22/06/2022   13:30,0.0000,0.5600,0.9564,586,28.3,35.1,69.4,243,2.5
22-Jun-22,14:00:00,22/06/2022   14:00,0.0000,0.7050,1.0658,653,28.5,26.7,69.2,234,2.5
22-Jun-22,14:30:00,22/06/2022   14:30,0.0000,0.9910,1.0429,639,28.6,26,69,226,2.3
22-Jun-22,15:00:00,22/06/2022   15:00,0.1290,0.5990,1.1637,713,28.6,12.9,68.7,218,2.1
22-Jun-22,15:30:00,22/06/2022   15:30,0.0440,0.1110,1.1441,701,28.6,7.7,68.5,208,1.9
22-Jun-22,16:00:00,22/06/2022   16:00,0.1570,0.0600,1.0348,634,28.6,7.6,68.4,195,1.7
22-Jun-22,16:30:00,22/06/2022   16:30,0.0620,0.2440,0.8324,510,28.5,15,68.6,180,1.5
22-Jun-22,17:00:00,22/06/2022   17:00,0.0000,0.3230,0.7508,460,28.5,8.2,69,164,1.4
22-Jun-22,17:30:00,22/06/2022   17:30,,,0.6267,384,28.3,3.7,70.6,148,1.3
22-Jun-22,18:00:00,22/06/2022   18:00,,,0.4325,265,28.2,8.7,73.4,134,1.3
22-Jun-22,18:30:00,22/06/2022   18:30,0.2280,0.0000,0.2383,146,27.8,17.8,75.5,124,1.5
22-Jun-22,19:00:00,22/06/2022   19:00,0.3820,0.0000,0.1077,66,27.2,13,77.1,119,1.8
22-Jun-22,19:30:00,22/06/2022   19:30,0.8170,0.0000,0.0114,7,26.7,25.8,78.2,113,2.2
22-Jun-22,20:00:00,22/06/2022   20:00,1.0800,0.0000,0.0000,0,26.4,57.9,78.9,108,2.5
22-Jun-22,20:30:00,22/06/2022   20:30,1.3750,0.0000,0.0000,0,26.1,63.5,79.6,105,2.6
22-Jun-22,21:00:00,22/06/2022   21:00,1.4260,0.0000,0.0000,0,25.9,87.5,80.4,105,2.5
22-Jun-22,21:30:00,22/06/2022   21:30,1.8530,0.0000,0.0000,0,25.8,89.4,80.9,106,2.3
22-Jun-22,22:00:00,22/06/2022   22:00,1.3550,0.0000,0.0000,0,25.7,88.4,81.1,108,1.9
22-Jun-22,22:30:00,22/06/2022   22:30,0.8770,0.0000,0.0000,0,25.7,85.9,81.2,108,1.7
22-Jun-22,23:00:00,22/06/2022   23:00,0.4390,0.0000,0.0000,0,25.6,67.2,81.3,105,1.6
22-Jun-22,23:30:00,22/06/2022   23:30,0.6860,0.0000,0.0000,0,25.6,28.4,81.7,103,1.6
23-Jun-22,0:00:00,23/06/2022   00:00,0.5650,0.0000,0.0000,0,25.5,44.3,82.2,103,1.7
23-Jun-22,0:30:00,23/06/2022   00:30,0.3940,0.0000,0.0000,0,25.4,50.4,82.8,96,1.7
23-Jun-22,1:00:00,23/06/2022   01:00,0.2740,0.0000,0.0000,0,25.3,35.9,83.4,83,1.7
23-Jun-22,1:30:00,23/06/2022   01:30,0.2650,0.0000,0.0000,0,25.1,33.6,84.7,74,1.7
23-Jun-22,2:00:00,23/06/2022   02:00,0.2820,0.0000,0.0000,0,24.7,23.4,86.6,68,1.7
23-Jun-22,2:30:00,23/06/2022   02:30,0.2810,0.0000,0.0000,0,24.5,22.2,87.4,66,1.7
23-Jun-22,3:00:00,23/06/2022   03:00,0.2710,0.0000,0.0000,0,24.5,21.3,87.2,69,1.5
23-Jun-22,3:30:00,23/06/2022   03:30,0.2680,0.0000,0.0000,0,24.5,21.2,86.8,68,1.3
23-Jun-22,4:00:00,23/06/2022   04:00,0.2830,0.0000,0.0000,0,24.5,19.8,86.3,60,0.8
23-Jun-22,4:30:00,23/06/2022   04:30,0.2530,0.0000,0.0000,0,24.5,24.7,85.9,38,0.6
23-Jun-22,5:00:00,23/06/2022   05:00,0.2720,0.0000,0.0000,0,24.4,50.6,85.6,5,0.5
23-Jun-22,5:30:00,23/06/2022   05:30,0.1920,0.0000,0.0000,0,24.5,60.4,85.2,338,0.5
23-Jun-22,6:00:00,23/06/2022   06:00,0.2770,0.0000,0.0000,0,24.5,66.6,84.8,307,0.5
23-Jun-22,6:30:00,23/06/2022   06:30,0.2310,0.0000,0.0000,0,24.6,64.1,84.7,289,0.7
23-Jun-22,7:00:00,23/06/2022   07:00,0.2400,0.0000,0.0000,0,24.6,41.2,84.9,285,1
23-Jun-22,7:30:00,23/06/2022   07:30,0.2790,0.0000,0.0147,9,24.6,27.2,85.4,284,1.4
23-Jun-22,8:00:00,23/06/2022   08:00,0.2840,0.0000,0.0147,9,24.8,88.6,86.3,284,1.7
23-Jun-22,8:30:00,23/06/2022   08:30,0.1330,0.0000,0.0294,18,25.1,90.7,86.4,283,1.8
23-Jun-22,9:00:00,23/06/2022   09:00,0.0570,0.0090,0.1583,97,25.4,69.1,85.8,281,1.8
23-Jun-22,9:30:00,23/06/2022   09:30,0.0000,0.1910,0.4162,255,25.8,38.7,84.8,277,1.9
23-Jun-22,10:00:00,23/06/2022   10:00,0.0000,0.3510,0.5712,350,26.1,31.7,83.6,270,2.1
23-Jun-22,10:30:00,23/06/2022   10:30,0.0000,0.4860,0.7067,433,26.5,29.1,82.1,264,2.3
23-Jun-22,11:00:00,23/06/2022   11:00,0.0000,0.5110,0.9499,582,26.9,15.9,80.4,259,2.4
23-Jun-22,11:30:00,23/06/2022   11:30,0.0000,0.7710,1.1180,685,27.2,10.1,79.1,254,2.6
23-Jun-22,12:00:00,23/06/2022   12:00,0.0000,0.9610,1.1849,726,27.5,11.5,78,250,2.7
23-Jun-22,12:30:00,23/06/2022   12:30,0.0270,1.1740,1.2861,788,27.7,8.4,77.2,245,2.8
23-Jun-22,13:00:00,23/06/2022   13:00,0.0000,0.9050,1.2567,770,27.8,13,76.8,239,2.9
23-Jun-22,13:30:00,23/06/2022   13:30,0.0000,0.9130,1.1914,730,27.9,18.2,76.4,235,2.9
23-Jun-22,14:00:00,23/06/2022   14:00,0.0000,0.7210,1.1670,715,28,18.9,75.9,231,2.7
23-Jun-22,14:30:00,23/06/2022   14:30,0.0000,0.8400,1.1751,720,28.1,15.8,75.7,229,2.5
23-Jun-22,15:00:00,23/06/2022   15:00,0.0000,1.1370,1.1196,686,28,15.6,75.7,227,2.4
23-Jun-22,15:30:00,23/06/2022   15:30,0.0000,0.7530,0.8977,550,28,27,75.7,224,2.3
23-Jun-22,16:00:00,23/06/2022   16:00,0.2210,0.1880,0.7638,468,27.9,31.3,75.6,219,2.2
23-Jun-22,16:30:00,23/06/2022   16:30,0.0000,0.4700,0.6039,370,27.8,38,75.7,210,2
23-Jun-22,17:00:00,23/06/2022   17:00,0.0000,0.2720,0.5076,311,27.7,37.6,76,199,2
23-Jun-22,17:30:00,23/06/2022   17:30,0.0000,0.1760,0.3738,229,27.5,42.3,76.8,189,1.9
23-Jun-22,18:00:00,23/06/2022   18:00,0.0040,0.0750,0.1893,116,27.3,60.1,78,177,1.8
23-Jun-22,18:30:00,23/06/2022   18:30,0.2670,0.0000,0.0653,40,27.1,78.4,79.6,167,1.9
23-Jun-22,19:00:00,23/06/2022   19:00,0.3710,0.0000,0.0294,18,26.6,68.7,81.6,158,1.9
23-Jun-22,19:30:00,23/06/2022   19:30,0.8870,0.0000,0.0082,5,26.3,49.8,82.8,151,2
23-Jun-22,20:00:00,23/06/2022   20:00,1.8940,0.0000,0.0000,0,26,74.2,83.2,145,2.1
23-Jun-22,20:30:00,23/06/2022   20:30,1.6580,0.0000,0.0000,0,25.9,67.4,83.5,139,2.1
23-Jun-22,21:00:00,23/06/2022   21:00,1.2960,0.0000,0.0000,0,25.9,49.5,83.7,132,2.2
23-Jun-22,21:30:00,23/06/2022   21:30,1.3150,0.0000,0.0000,0,25.9,41.5,83.9,129,2.3
23-Jun-22,22:00:00,23/06/2022   22:00,0.8070,0.0000,0.0000,0,25.9,52.2,84.1,129,2.2
23-Jun-22,22:30:00,23/06/2022   22:30,0.3470,0.0000,0.0000,0,25.9,46.7,84.4,132,2.2
23-Jun-22,23:00:00,23/06/2022   23:00,0.3570,0.0000,0.0000,0,26,25.3,84.5,136,2.2
23-Jun-22,23:30:00,23/06/2022   23:30,0.5790,0.0000,0.0000,0,25.9,28.7,85.4,141,2.2
24-Jun-22,0:00:00,24/06/2022   00:00,0.6270,0.0000,0.0000,0,25.7,26.3,87,147,2.2
24-Jun-22,0:30:00,24/06/2022   00:30,0.6240,0.0000,0.0000,0,25.5,25.2,88.2,150,2.1
24-Jun-22,1:00:00,24/06/2022   01:00,0.4690,0.0000,0.0000,0,25.4,35.7,89,151,2.1
24-Jun-22,1:30:00,24/06/2022   01:30,0.3010,0.0000,0.0000,0,25.2,44.8,89.7,154,2.1
24-Jun-22,2:00:00,24/06/2022   02:00,0.2880,0.0000,0.0000,0,24.9,46.1,90.2,160,2.2
24-Jun-22,2:30:00,24/06/2022   02:30,0.2420,0.0000,0.0000,0,24.7,50.1,90.2,165,2.3
24-Jun-22,3:00:00,24/06/2022   03:00,0.2880,0.0000,0.0000,0,24.7,57.9,89.6,171,2.3
24-Jun-22,3:30:00,24/06/2022   03:30,0.2540,0.0000,0.0000,0,24.7,48.6,88.8,176,2.3
24-Jun-22,4:00:00,24/06/2022   04:00,0.2960,0.0000,0.0000,0,24.8,40.6,87.8,181,2.3
24-Jun-22,4:30:00,24/06/2022   04:30,0.2580,0.0000,0.0000,0,24.9,35.9,86.9,186,2.2
24-Jun-22,5:00:00,24/06/2022   05:00,0.2560,0.0000,0.0000,0,24.9,40.6,86.1,192,2
24-Jun-22,5:30:00,24/06/2022   05:30,0.2830,0.0000,0.0000,0,24.9,39.1,85.7,196,1.8
24-Jun-22,6:00:00,24/06/2022   06:00,0.3240,0.0000,0.0000,0,24.9,41.5,85.7,198,1.6
24-Jun-22,6:30:00,24/06/2022   06:30,0.2840,0.0000,0.0000,0,24.8,36.2,85.6,198,1.4
24-Jun-22,7:00:00,24/06/2022   07:00,0.2650,0.0000,0.0000,0,24.8,65.3,85.4,195,1.1
24-Jun-22,7:30:00,24/06/2022   07:30,0.2800,0.0000,0.0196,12,24.9,33,85.2,211,0.8
24-Jun-22,8:00:00,24/06/2022   08:00,0.2250,0.0000,0.0816,50,25.1,45.6,85.1,245,1
24-Jun-22,8:30:00,24/06/2022   08:30,0.1500,0.0000,0.1436,88,25.4,54.6,84.4,261,1.2
24-Jun-22,9:00:00,24/06/2022   09:00,0.0250,0.0070,0.2252,138,25.8,54.6,83,268,1.5
24-Jun-22,9:30:00,24/06/2022   09:30,0.0060,0.1040,0.3150,193,26.2,53.4,81.4,271,1.7
24-Jun-22,10:00:00,24/06/2022   10:00,0.0110,0.1010,0.4243,260,26.5,49.7,79.6,272,2
24-Jun-22,10:30:00,24/06/2022   10:30,0.0040,0.2970,0.5125,314,26.8,48.6,77.7,271,2.3
24-Jun-22,11:00:00,24/06/2022   11:00,0.0000,0.3310,0.6316,387,27.1,44.5,75.7,270,2.6
24-Jun-22,11:30:00,24/06/2022   11:30,0.0960,0.1460,0.7116,436,27.4,43.2,73.8,269,2.7
24-Jun-22,12:00:00,24/06/2022   12:00,0.0010,0.3940,0.7475,458,27.7,44.4,72,269,2.7
24-Jun-22,12:30:00,24/06/2022   12:30,0.0000,0.3510,0.7296,447,27.9,48.3,70.8,267,2.8
24-Jun-22,13:00:00,24/06/2022   13:00,0.0000,0.4830,0.7687,471,28,47.1,70,265,2.9
24-Jun-22,13:30:00,24/06/2022   13:30,0.0000,0.5630,1.0772,660,28.1,26.5,69.7,264,2.9
24-Jun-22,14:00:00,24/06/2022   14:00,0.0000,1.0290,1.3138,805,28.1,9.3,69.9,265,2.9
24-Jun-22,14:30:00,24/06/2022   14:30,0.0000,1.3660,1.2894,790,28.1,8.3,70.1,267,2.9
24-Jun-22,15:00:00,24/06/2022   15:00,0.0000,1.1240,1.2225,749,28,8.4,70.2,269,2.9
24-Jun-22,15:30:00,24/06/2022   15:30,0.0000,0.9250,1.1066,678,27.8,10.6,71.6,270,2.8
24-Jun-22,16:00:00,24/06/2022   16:00,0.0820,0.0420,0.9597,588,27.4,14.3,74.1,270,2.5
24-Jun-22,16:30:00,24/06/2022   16:30,0.3660,0.1050,0.9058,555,27.1,7.3,76.1,269,2.3
24-Jun-22,17:00:00,24/06/2022   17:00,0.0000,0.4300,0.6871,421,26.9,16.6,77.6,268,2.1
24-Jun-22,17:30:00,24/06/2022   17:30,0.0000,0.2680,0.4929,302,26.7,24,78.8,265,1.9
24-Jun-22,18:00:00,24/06/2022   18:00,0.0480,0.0380,0.4031,247,26.6,14.3,79.7,261,1.7
24-Jun-22,18:30:00,24/06/2022   18:30,0.2350,0.0000,0.1844,113,26.4,38.5,80.5,258,1.7
24-Jun-22,19:00:00,24/06/2022   19:00,0.3020,0.0000,0.0718,44,26.1,40.8,81.1,258,1.8
24-Jun-22,19:30:00,24/06/2022   19:30,0.4770,0.0000,0.0114,7,25.8,36.7,81.5,263,1.8
24-Jun-22,20:00:00,24/06/2022   20:00,1.9820,0.0000,0.0000,0,25.7,52.4,81.9,274,1.7
24-Jun-22,20:30:00,24/06/2022   20:30,1.5650,0.0000,0.0000,0,25.5,59.7,82.1,282,1.7
24-Jun-22,21:00:00,24/06/2022   21:00,1.6030,0.0000,0.0000,0,25.5,60.1,82.2,288,1.6
24-Jun-22,21:30:00,24/06/2022   21:30,1.3370,0.0000,0.0000,0,25.4,48.4,82.5,295,1.6
24-Jun-22,22:00:00,24/06/2022   22:00,1.2900,0.0000,0.0000,0,25.4,27.4,83.1,302,1.7
24-Jun-22,22:30:00,24/06/2022   22:30,1.0500,0.0000,0.0000,0,25.3,32.1,83.6,309,1.6
24-Jun-22,23:00:00,24/06/2022   23:00,0.3510,0.0000,0.0000,0,25.3,24.4,84,315,1.4
24-Jun-22,23:30:00,24/06/2022   23:30,0.4980,0.0000,0.0000,0,25.2,21.2,84.5,319,1.3
